species,ppo_count,taxonomy,alt_taxon,source,
Aedes aegypti,10,Culicidae,Diptera_other,https://www.pnas.org/doi/10.1073/pnas.2413131122,
Aedes albopictus,16,Culicidae,Diptera_other,https://www.pnas.org/doi/10.1073/pnas.2413131122,
Anopheles gambiae,9,Culicidae,Diptera_other,https://www.pnas.org/doi/10.1073/pnas.2413131122,
Culex quinquefasciatus,9,Culicidae,Diptera_other,https://www.pnas.org/doi/10.1073/pnas.2413131122,
Sabethes cyaneus,6,Culicidae,Diptera_other,NCBI RefSeq,
Hermetia illucens,5,Stratiomyidae,Diptera_other,NCBI RefSeq,
Lutzomyia longipalpis,7,Psychodidae,Diptera_other,NCBI RefSeq,
Rhagoletis pomonella,5,Tephritidae,Diptera_other,NCBI RefSeq,
Bactrocera dorsalis,6,Tephritidae,Diptera_other,NCBI RefSeq,
Bactrocera oleae,4,Tephritidae,Diptera_other,NCBI RefSeq,
Bactrocera tryoni,6,Tephritidae,Diptera_other,NCBI RefSeq,
Zeugodacus cucurbitae,7,Tephritidae,Diptera_other,NCBI RefSeq,
Anastrepha ludens,8,Tephritidae,Diptera_other,NCBI RefSeq,
Anopheles stephensi,5,Culicidae,Diptera_other,NCBI RefSeq,
Cochliomyia hominivorax,9,Calliphoridae,Diptera_other,NCBI RefSeq,
Anopheles funestus,5,Culicidae,Diptera_other,NCBI RefSeq,
Anopheles darlingi,3,Culicidae,Diptera_other,NCBI RefSeq,
Anopheles arabiensis,4,Culicidae,Diptera_other,NCBI RefSeq,
Anopheles coluzzii,3,Culicidae,Diptera_other,NCBI RefSeq,
Episyrphus balteatus,10,Syrphidae,Diptera_other,NCBI RefSeq,
Haematobia irritans,8,Muscidae,Diptera_other,NCBI RefSeq,
Anopheles aquasalis,4,Culicidae,Diptera_other,NCBI RefSeq,
Calliphora vicina,14,Calliphoridae,Diptera_other,NCBI RefSeq,
Anopheles albimanus,3,Culicidae,Diptera_other,NCBI RefSeq,
Bradysia coprophila,5,Sciaridae,Diptera_other,NCBI RefSeq,
Phlebotomus papatasi,4,Psychodidae,Diptera_other,NCBI RefSeq,
Lucilia cuprina ,9,Calliphoridae,Diptera_other,NCBI RefSeq,
Lucilia sericata ,9,Calliphoridae,Diptera_other,NCBI RefSeq,
Stomoxys calcitrans,7,Muscidae,Diptera_other,NCBI RefSeq,
Anastrepha obliqua,8,Tephritidae,Diptera_other,NCBI RefSeq,
Wyeomyia smithii,8,Culicidae,Diptera_other,NCBI RefSeq,
Anopheles merus,6,Culicidae,Diptera_other,NCBI RefSeq,
Teleopsis dalmanii,6,Diopsidae,Diptera_other,NCBI RefSeq,
Anopheles nili,5,Culicidae,Diptera_other,NCBI RefSeq,
Anopheles minimus,9,Culicidae,Diptera_other,NCBI RefSeq,
Anopheles marshallii,5,Culicidae,Diptera_other,NCBI RefSeq,
Anopheles coustani,4,Culicidae,Diptera_other,NCBI RefSeq,
Anopheles ziemanni,4,Culicidae,Diptera_other,NCBI RefSeq,
Eupeodes corollae,5,Syrphidae,Diptera_other,NCBI RefSeq,
Eurosta solidaginis,3,Tephritidae,Diptera_other,NCBI RefSeq,
Anopheles maculipalpis,6,Culicidae,Diptera_other,NCBI Refseq,
Anopheles moucheti,6,Culicidae,Diptera_other,NCBI Refseq,
Malaya genurostris,7,Culicidae,Diptera_other,NCBI Refseq,
Culicoides brevitarsus,4,Ceratopogonidae,Diptera_other,NCBI Refseq,
Anopheles oryzalimnetes,4,Culicidae,Diptera_other,NCBI Refseq,
Bactrocera neohumeralis,6,Tephritidae,Diptera_other,NCBI Refseq,
Uranotaenia lowii,11,Culicidae,Diptera_other,NCBI Refseq,
Anopheles cruzii,5,Culicidae,Diptera_other,NCBI Refseq,
Anopheles bellator,7,Culicidae,Diptera_other,NCBI Refseq,
Toxorhynchites rutilus septentrionalis,5,Culicidae,Diptera_other,NCBI Refseq,
Topomyia yanbarensis,5,Culicidae,Diptera_other,NCBI Refseq,
Pseudolycoriella hygida,3,Sciaridae,Diptera_other,NCBI Refseq,
Musca domestica,7,Muscidae,Diptera_other,NCBI Refseq,
Anopheles sinensis,2,Culicidae,Diptera_other,NCBI Refseq,
Ceratitis capitata,4,Tephritidae,Diptera_other,NCBI Refseq,
Sitodiplosis mosellana,7,Cecidomyiidae,Diptera_other,NCBI Refseq,
Glossina fuscipes,2,Glossinidae,Diptera_other,NCBI Refseq,
Rhagoletis zephyria,4,Tephritidae,Diptera_other,NCBI Refseq,
Sergentomyia squamirostris,2,Psychodidae,Diptera_other,NCBI Refseq,
Clunio marinus,2,Chironomidae,Diptera_other,NCBI Refseq,
Chironomus tepperi,1,Chironomidae,Diptera_other,NCBI Refseq,
Musca autumnalis,9,Muscidae,Diptera_other,NCBI Refseq,
Musca vetustissima,11,Muscidae,Diptera_other,NCBI Refseq,
Condylostylus longicornis,5,Dolichopodidae,Diptera_other,NCBI Refseq,
Ochlerotatus camptorhynchus,15,Culicidae,Diptera_other,NCBI Refseq,
Phlebotomus argentipes,5,Psychodidae,Diptera_other,NCBI Refseq,
Bactrocera latifrons,5,Tephritidae,Diptera_other,NCBI Refseq,
Bemicia tabaci,3,Hemiptera,Hemiptera,NCBI Refseq,
Acyrthosiphon pisum,2,Hemiptera,Hemiptera,NCBI Refseq/Gerardo et al 2010,
Aphis gossipyii,2,Hemiptera,Hemiptera,NCBI Refseq,
Planococcus citri,13,Hemiptera,Hemiptera,NCBI Refseq,
Lycorma delicatula,3,Hemiptera,Hemiptera,NCBI Refseq,
Nilaparvata lugens,3,Hemiptera,Hemiptera,NCBI Refseq,
Homalodisca vitripennis,1,Hemiptera,Hemiptera,NCBI Refseq,
Rhopalosiphum padi,3,Hemiptera,Hemiptera,NCBI Refseq,
Rhopalosiphum maidis,4,Hemiptera,Hemiptera,NCBI Refseq,
Nesidiocoris tenuis,2,Hemiptera,Hemiptera,NCBI Refseq,
Rhopalosiphum maidis,4,Hemiptera,Hemiptera,NCBI Refseq,
Metopolophium dirhodum,2,Hemiptera,Hemiptera,NCBI Refseq,
Diaphorina citri,4,Hemiptera,Hemiptera,NCBI Refseq,
Cimex lectularius,1,Hemiptera,Hemiptera,NCBI Refseq,
Myzus persicae,2,Hemiptera,Hemiptera,NCBI Refseq,
Rhodnius prolixus,3,Hemiptera,Hemiptera,NCBI Refseq,
Halyomorpha halys,5,Hemiptera,Hemiptera,NCBI Refseq,
Melanaphis sacchari ,1,Hemiptera,Hemiptera,NCBI Refseq,
Macrosteles quadrilineatus,2,Hemiptera,Hemiptera,NCBI Refseq,
Aphis craccivora,2,Hemiptera,Hemiptera,NCBI Refseq,
Diuraphis noxia,2,Hemiptera,Hemiptera,NCBI Refseq,
Sipha flava,2,Hemiptera,Hemiptera,NCBI Refseq,
Adelges cooleyi,4,Hemiptera,Hemiptera,NCBI Refseq,
Daktulosphaira vitifoliae ,1,Hemiptera,Hemiptera,NCBI Refseq,
Melanaphis sacchari,1,Hemiptera,Hemiptera,NCBI Refseq,
Diabrotica virgifera virgifera,7,Coleoptera,Coleoptera,NCBI Refseq,
Aethina tumida,7,Coleoptera,Coleoptera,NCBI Refseq,
Harmonia axyridis,7,Coleoptera,Coleoptera,NCBI Refseq,
Tenebrio molitor,4,Coleoptera,Coleoptera,NCBI Refseq,
Ips typographus,1,Coleoptera,Coleoptera,NCBI Refseq,
Onthophagus taurus,4,Coleoptera,Coleoptera,NCBI Refseq,
Anthonomus grandis grandis,2,Coleoptera,Coleoptera,NCBI Refseq,
Diorhabda sublineata,1,Coleoptera,Coleoptera,NCBI Refseq,
Diorhabda carinulata,1,Coleoptera,Coleoptera,NCBI Refseq,
Euwallacea fornicatus,1,Coleoptera,Coleoptera,NCBI Refseq,
Coccinella septempunctata,3,Coleoptera,Coleoptera,NCBI Refseq,
Diabrotica undecimpunctata ,7,Coleoptera,Coleoptera,NCBI Refseq,
Euwallacea similis,1,Coleoptera,Coleoptera,NCBI Refseq,
Leptinotarsa decemlineata ,4,Coleoptera,Coleoptera,NCBI Refseq,
Sitophilus oryzae,2,Coleoptera,Coleoptera,NCBI Refseq,
Zophobas morio,9,Coleoptera,Coleoptera,NCBI Refseq,
Nicrophorus vespilloides,2,Coleoptera,Coleoptera,NCBI Refseq,
Agrilus planipennis,1,Coleoptera,Coleoptera,NCBI Refseq,
Anoplophora glabripennis,2,Coleoptera,Coleoptera,NCBI Refseq,
Dendroctonus ponderosae,1,Coleoptera,Coleoptera,NCBI Refseq,
Rhynchophorus ferrugineus,4,Coleoptera,Coleoptera,NCBI Refseq,3 pseudogenes
Cylas formicarius,1,Coleoptera,Coleoptera,NCBI Refseq,
Carabus blaptoides fortunei ,6,Coleoptera,Coleoptera,NCBI Refseq,
Tribolium madens,3,Coleoptera,Coleoptera,NCBI Refseq,
Dalotia coriaria,1,Coleoptera,Coleoptera,NCBI Refseq,
Photinus pyralis,3,Coleoptera,Coleoptera,NCBI Refseq,
Rhyzopertha dominica,1,Coleoptera,Coleoptera,NCBI Refseq,
Cydia pomonella,3,Lepidoptera,Lepidoptera,NCBI Refseq,
Spodoptera litura,2,Lepidoptera,Lepidoptera,NCBI Refseq,
Spodoptera frugiperda,3,Lepidoptera,Lepidoptera,NCBI Refseq,
Colias croceus,3,Lepidoptera,Lepidoptera,NCBI Refseq,
Melitaea cinxia,4,Lepidoptera,Lepidoptera,NCBI Refseq,
Amyelois transitella,2,Lepidoptera,Lepidoptera,NCBI Refseq,
Trichoplusia ni ,4,Lepidoptera,Lepidoptera,NCBI Refseq,
Helicoverpa zea ,2,Lepidoptera,Lepidoptera,NCBI Refseq,
Plodia interpunctella,2,Lepidoptera,Lepidoptera,NCBI Refseq,
Ostrinia nubilalis,4,Lepidoptera,Lepidoptera,NCBI Refseq,
Pieris rapae,2,Lepidoptera,Lepidoptera,NCBI Refseq,
Bicyclus anynana,3,Lepidoptera,Lepidoptera,NCBI Refseq,
Danaus plexippus,4,Lepidoptera,Lepidoptera,NCBI Refseq,
Vanessa cardui ,3,Lepidoptera,Lepidoptera,NCBI Refseq,
Choristoneura fumiferana,3,Lepidoptera,Lepidoptera,NCBI Refseq,
Papilio machaon,5,Lepidoptera,Lepidoptera,NCBI Refseq,
Pararge aegeria,3,Lepidoptera,Lepidoptera,NCBI Refseq,
Pieris brassicae,2,Lepidoptera,Lepidoptera,NCBI Refseq,
Anticarsia gemmatalis ,2,Lepidoptera,Lepidoptera,NCBI Refseq,
Pectinophora gossypiella,2,Lepidoptera,Lepidoptera,NCBI Refseq,
Heliconius melpomene rosina,5,Lepidoptera,Lepidoptera,NCBI Refseq,
Aricia agestis,3,Lepidoptera,Lepidoptera,NCBI Refseq,
Maniola hyperantus,3,Lepidoptera,Lepidoptera,NCBI Refseq,
Leguminivora glycinivorella,3,Lepidoptera,Lepidoptera,NCBI Refseq,
Pieris napi ,2,Lepidoptera,Lepidoptera,NCBI Refseq,
Vanessa atalanta ,3,Lepidoptera,Lepidoptera,NCBI Refseq,
Vanessa tameamea ,3,Lepidoptera,Lepidoptera,NCBI Refseq,
Nymphalis io,3,Lepidoptera,Lepidoptera,NCBI Refseq,
Maniola jurtina,3,Lepidoptera,Lepidoptera,NCBI Refseq,
Cydia fagiglandana,3,Lepidoptera,Lepidoptera,NCBI Refseq,
Galleria mellonella,3,Lepidoptera,Lepidoptera,NCBI Refseq,
Zerene cesonia ,3,Lepidoptera,Lepidoptera,NCBI Refseq,
Cydia splendana,3,Lepidoptera,Lepidoptera,NCBI Refseq,
Cydia amplana,3,Lepidoptera,Lepidoptera,NCBI Refseq,
Cydia strobilella,3,Lepidoptera,Lepidoptera,NCBI Refseq,
Leptidea sinapis,2,Lepidoptera,Lepidoptera,NCBI Refseq,
Ostrinia furnacalis,4,Lepidoptera,Lepidoptera,NCBI Refseq,
Papilio xuthus,5,Lepidoptera,Lepidoptera,NCBI Refseq,
Epargyreus clarus,6,Lepidoptera,Lepidoptera,NCBI Refseq,
Hyposmocoma kahamanoa,5,Lepidoptera,Lepidoptera,NCBI Refseq,
Achroia grisella,3,Lepidoptera,Lepidoptera,NCBI Refseq,
Battus philenor ,5,Lepidoptera,Lepidoptera,NCBI Refseq,
Bombyx mandarina,3,Lepidoptera,Lepidoptera,NCBI Refseq,
Papilio polytes,5,Lepidoptera,Lepidoptera,NCBI Refseq,
Eumeta japonica,9,Lepidoptera,Lepidoptera,NCBI Refseq,
Frankliniella occidentalis,6,Thysanoptera,Thysanoptera,NCBI Refseq,
Frankliniella fusca,9,Thysanoptera,Thysanoptera,NCBI Refseq,
Thrips palmi,7,Thysanoptera,Thysanoptera,NCBI Refseq,
Apis mellifera,1,Hymenoptera,Hymenoptera,NCBI Refseq,
Apis cerana ,1,Hymenoptera,Hymenoptera,NCBI Refseq,
Vespa mandarinia,1,Hymenoptera,Hymenoptera,NCBI Refseq,
Venturia canescens ,2,Hymenoptera,Hymenoptera,NCBI Refseq,
Megachile rotundata,1,Hymenoptera,Hymenoptera,NCBI Refseq,
Cardiocondyla obscurior,1,Hymenoptera,Hymenoptera,NCBI Refseq,
Monomorium pharaonis ,1,Hymenoptera,Hymenoptera,NCBI Refseq,
Solenopsis invicta,1,Hymenoptera,Hymenoptera,NCBI Refseq,
Bombus terrestris ,1,Hymenoptera,Hymenoptera,NCBI Refseq,
Nasonia vitripennis,1,Hymenoptera,Hymenoptera,NCBI Refseq,
Vespa velutina,1,Hymenoptera,Hymenoptera,NCBI Refseq,
Megalopta genalis,2,Hymenoptera,Hymenoptera,NCBI Refseq,
Diachasmimorpha longicaudata,1,Hymenoptera,Hymenoptera,NCBI Refseq,
Linepithema humile,1,Hymenoptera,Hymenoptera,NCBI Refseq,
Anoplolepis gracilipes,1,Hymenoptera,Hymenoptera,NCBI Refseq,
Aphidius gifuensis ,1,Hymenoptera,Hymenoptera,NCBI Refseq,
Microplitis mediator ,1,Hymenoptera,Hymenoptera,NCBI Refseq,
Microplitis demolitor ,1,Hymenoptera,Hymenoptera,NCBI Refseq,
Athalia rosae,2,Hymenoptera,Hymenoptera,NCBI Refseq,
Ooceraea biroi ,2,Hymenoptera,Hymenoptera,NCBI Refseq,
Colletes latitarsis,1,Hymenoptera,Hymenoptera,NCBI Refseq,
Osmia bicornis bicornis ,1,Hymenoptera,Hymenoptera,NCBI Refseq,
Augochlora pura ,2,Hymenoptera,Hymenoptera,NCBI Refseq,
Vespa crabro,1,Hymenoptera,Hymenoptera,NCBI Refseq,
Cataglyphis hispanica,1,Hymenoptera,Hymenoptera,NCBI Refseq,
Bombus huntii,1,Hymenoptera,Hymenoptera,NCBI Refseq,
Bombus vancouverensis nearcticus,1,Hymenoptera,Hymenoptera,NCBI Refseq,
Osmia lignaria lignaria,1,Hymenoptera,Hymenoptera,NCBI Refseq,
Formica fusca,1,Hymenoptera,Hymenoptera,NCBI Refseq,
Nomia melanderi ,3,Hymenoptera,Hymenoptera,NCBI Refseq,
Bombus flavifrons ,1,Hymenoptera,Hymenoptera,NCBI Refseq,
Andrena cerasifolii ,2,Hymenoptera,Hymenoptera,NCBI Refseq,
Bombus fervidus,1,Hymenoptera,Hymenoptera,NCBI Refseq,
Bombus pascuorum,1,Hymenoptera,Hymenoptera,NCBI Refseq,
Vespula vulgaris ,1,Hymenoptera,Hymenoptera,NCBI Refseq,
Neodiprion lecontei ,2,Hymenoptera,Hymenoptera,NCBI Refseq,
Calliopsis andreniformis ,1,Hymenoptera,Hymenoptera,NCBI Refseq,
Neodiprion pinetum,2,Hymenoptera,Hymenoptera,NCBI Refseq,
Lasioglossum baleicum,3,Hymenoptera,Hymenoptera,NCBI Refseq,
Bombus affinis ,1,Hymenoptera,Hymenoptera,NCBI Refseq,
Halictus rubicundus ,3,Hymenoptera,Hymenoptera,NCBI Refseq,
Xylocopa sonorina,1,Hymenoptera,Hymenoptera,NCBI Refseq,
Ptiloglossa arizonensis ,1,Hymenoptera,Hymenoptera,NCBI Refseq,
Bombus pyrosoma,1,Hymenoptera,Hymenoptera,NCBI Refseq,
Temnothorax longispinosus,1,Hymenoptera,Hymenoptera,NCBI Refseq,
Cotesia glomerata,1,Hymenoptera,Hymenoptera,NCBI Refseq,
Hylaeus volcanicus,1,Hymenoptera,Hymenoptera,NCBI Refseq,
Belonocnema kinseyi ,1,Hymenoptera,Hymenoptera,NCBI Refseq,
Diprion similis ,3,Hymenoptera,Hymenoptera,NCBI Refseq,
Neodiprion fabricii,3,Hymenoptera,Hymenoptera,NCBI Refseq,
Neodiprion virginianus,3,Hymenoptera,Hymenoptera,NCBI Refseq,
Vespula pensylvanica,1,Hymenoptera,Hymenoptera,NCBI Refseq,
Harpegnathos saltator,1,Hymenoptera,Hymenoptera,NCBI Refseq,
Bombus impatiens,1,Hymenoptera,Hymenoptera,NCBI Refseq,
Copidosoma floridanum,3,Hymenoptera,Hymenoptera,NCBI Refseq,
Camponotus floridanus,1,Hymenoptera,Hymenoptera,NCBI Refseq,
Apis florea ,1,Hymenoptera,Hymenoptera,NCBI Refseq,
Leptopilina boulardi ,1,Hymenoptera,Hymenoptera,NCBI Refseq,
Leptopilina heterotoma,1,Hymenoptera,Hymenoptera,NCBI Refseq,
Polistes dominula,1,Hymenoptera,Hymenoptera,NCBI Refseq,
Formica exsecta ,1,Hymenoptera,Hymenoptera,NCBI Refseq,
Pogonomyrmex barbatus ,1,Hymenoptera,Hymenoptera,NCBI Refseq,
Apis dorsata,1,Hymenoptera,Hymenoptera,NCBI Refseq,
Bombus vosnesenskii,1,Hymenoptera,Hymenoptera,NCBI Refseq,
Prenolepis imparis,1,Hymenoptera,Hymenoptera,NCBI Refseq,
Polistes canadensis ,1,Hymenoptera,Hymenoptera,NCBI Refseq,
Ceratina calcarata,3,Hymenoptera,Hymenoptera,NCBI Refseq,
Melipona quadrifasciata,2,Hymenoptera,Hymenoptera,NCBI Refseq,
Dinoponera quadriceps,1,Hymenoptera,Hymenoptera,NCBI Refseq,
Wasmannia auropunctata,1,Hymenoptera,Hymenoptera,NCBI Refseq,
Fopius arisanus ,1,Hymenoptera,Hymenoptera,NCBI Refseq,
Acromyrmex echinatior,1,Hymenoptera,Hymenoptera,NCBI Refseq,
Frieseomelitta varia,1,Hymenoptera,Hymenoptera,NCBI Refseq,
Polyergus mexicanus ,1,Hymenoptera,Hymenoptera,NCBI Refseq,
Orussus abietinus,2,Hymenoptera,Hymenoptera,NCBI Refseq,
Polistes fuscatus,1,Hymenoptera,Hymenoptera,NCBI Refseq,
Nylanderia fulva ,1,Hymenoptera,Hymenoptera,NCBI Refseq,
Ceratosolen solmsi,2,Hymenoptera,Hymenoptera,NCBI Refseq,
Camponotus vicinus,1,Hymenoptera,Hymenoptera,NCBI Refseq,
Cotesia typhae,1,Hymenoptera,Hymenoptera,NCBI Refseq,
Colletes gigas ,2,Hymenoptera,Hymenoptera,NCBI Refseq,
Camponotus japonicus,1,Hymenoptera,Hymenoptera,NCBI Refseq,
Temnothorax nylanderi ,1,Hymenoptera,Hymenoptera,NCBI Refseq,
Apis laboriosa ,1,Hymenoptera,Hymenoptera,NCBI Refseq,
Cephus cinctus,2,Hymenoptera,Hymenoptera,NCBI Refseq,
Habropoda laboriosa,2,Hymenoptera,Hymenoptera,NCBI Refseq,
Trachymyrmex septentrionalis,1,Hymenoptera,Hymenoptera,NCBI Refseq,
Prorops nasuta,1,Hymenoptera,Hymenoptera,NCBI Refseq,
Phymastichus coffea ,2,Hymenoptera,Hymenoptera,NCBI Refseq,
Bombus bifarius ,1,Hymenoptera,Hymenoptera,NCBI Refseq,
Chelonus insularis,1,Hymenoptera,Hymenoptera,NCBI Refseq,
Trichogramma pretiosum,5,Hymenoptera,Hymenoptera,NCBI Refseq,
Dufourea novaeangliae,2,Hymenoptera,Hymenoptera,NCBI Refseq,
Hylaeus anthracinus ,1,Hymenoptera,Hymenoptera,NCBI Refseq,
Cyphomyrmex costatus,1,Hymenoptera,Hymenoptera,NCBI Refseq,
Mycetomoellerius zeteki,2,Hymenoptera,Hymenoptera,NCBI Refseq,
Diachasma alloeum,1,Hymenoptera,Hymenoptera,NCBI Refseq,
Acromyrmex insinuator,1,Hymenoptera,Hymenoptera,NCBI Refseq,
Eufriesea mexicana,2,Hymenoptera,Hymenoptera,NCBI Refseq,
Temnothorax curvispinosus,1,Hymenoptera,Hymenoptera,NCBI Refseq,
Vollenhovia emeryi,1,Hymenoptera,Hymenoptera,NCBI Refseq,
Trachymyrmex cornetzi ,2,Hymenoptera,Hymenoptera,NCBI Refseq,
Odontomachus brunneus,1,Hymenoptera,Hymenoptera,NCBI Refseq,
Atta colombica ,1,Hymenoptera,Hymenoptera,NCBI Refseq,
Atta cephalotes,1,Hymenoptera,Hymenoptera,NCBI Refseq,
Anthophora plagiata,1,Hymenoptera,Hymenoptera,NCBI Refseq,
Anthophora retusa,1,Hymenoptera,Hymenoptera,NCBI Refseq,
Vespula squamosa,1,Hymenoptera,Hymenoptera,NCBI Refseq,
Vespula maculifrons,1,Hymenoptera,Hymenoptera,NCBI Refseq,
Temnothorax americanus ,1,Hymenoptera,Hymenoptera,NCBI Refseq,
Cotesia congregata,1,Hymenoptera,Hymenoptera,NCBI Refseq,
Pseudomyrmex gracilis ,1,Hymenoptera,Hymenoptera,NCBI Refseq,
Acromyrmex charruanus,1,Hymenoptera,Hymenoptera,NCBI Refseq,
Pseudoatta argentina ,1,Hymenoptera,Hymenoptera,NCBI Refseq,
Acromyrmex heyeri ,1,Hymenoptera,Hymenoptera,NCBI Refseq,
Lasius niger,2,Hymenoptera,Hymenoptera,NCBI Refseq,
Apis mellifera carnica,1,Hymenoptera,Hymenoptera,NCBI Refseq,
Apis mellifera caucasica,1,Hymenoptera,Hymenoptera,NCBI Refseq,
Apis cerana cerana ,1,Hymenoptera,Hymenoptera,NCBI Refseq,
Schistocerca gregaria,9,Orthoptera,Orthoptera,NCBI Refseq,
Schistocerca americana,9,Orthoptera,Orthoptera,NCBI Refseq,
Anabrus simplex ,11,Orthoptera,Orthoptera,NCBI Refseq,
Schistocerca serialis cubense,9,Orthoptera,Orthoptera,NCBI Refseq,
Schistocerca serialis cubense,9,Orthoptera,Orthoptera,NCBI Refseq,
Schistocerca nitens,9,Orthoptera,Orthoptera,NCBI Refseq,
Schistocerca cancellata,10,Orthoptera,Orthoptera,NCBI Refseq,
Gryllus bimaculatus ,6,Orthoptera,Orthoptera,NCBI Refseq,
Hetaerina americana,7,Odonata,Odonata,NCBI Refseq,
Ischnura elegans,9,Odonata,Odonata,NCBI Refseq,1 pseudogenized
Rhyacophila brunnea,14,Trichoptera,Trichoptera,NCBI Refseq,3 pseudogenized
Arctopsyche grandis,7,Trichoptera,Trichoptera,NCBI Refseq,3 pseudogenized
Periplaneta americana ,1,Blattodea,Blattodea,NCBI Refseq,
Zootermopsis nevadensis,1,Blattodea,Blattodea,NCBI Refseq,
Cryptotermes secundus,1,Blattodea,Blattodea,NCBI Refseq,
Bacillus rossius redtenbacheri ,1,Phasmatodea,Phasmatodea,NCBI Refseq,
Chrysoperla carnea ,5,Neuroptera,Neuroptera,NCBI Refseq,
Ctenocephalides felis,2,Siphonaptera,Siphonaptera,NCBI Refseq,
Cloeon dipterum,3,Ephemeroptera,Ephemeroptera,NCBI Refseq,
Neocloeon triangulifer,4,Ephemeroptera,Ephemeroptera,NCBI Refseq,
Lepisma saccharinum,5,Zygentoma,Zygentoma,NCBI Refseq,
Thermobia domestica,11,Zygentoma,Zygentoma,NCBI Refseq,
Chironomus riparius,1,Chironomidae,Chironomidae,NCBI RefSeq,
Bombyx mori,2,Lepidoptera,Lepidoptera,https://www.nature.com/articles/srep09877,
Manduca sexta,2,Lepidoptera,Lepidoptera,https://onlinelibrary.wiley.com/doi/10.1111/j.0105-2896.2004.0121.x,
Plutella xylostella,2,Lepidoptera,Lepidoptera,NCBI RefSeq,
Tribolium castaneum,3,Coleoptera,Coleoptera,https://link.springer.com/article/10.1186/gb-2007-8-8-r177,
Helicoverpa armigera,2,Lepidoptera,Lepidoptera,https://link.springer.com/article/10.1186/s12864-015-1509-1,
Homarus americanus,1,Crustacean,Crustacean,NCBI RefSeq,
Daphnia pulex,1,Crustacean,Crustacean,NCBI RefSeq,
Daphnia magna ,1,Crustacean,Crustacean,NCBI RefSeq,
Daphnia pulicaria ,1,Crustacean,Crustacean,NCBI RefSeq,
Daphnia carinata,1,Crustacean,Crustacean,NCBI RefSeq,
Hyalella azteca ,1,Crustacean,Crustacean,NCBI RefSeq,
Coenobita brevimanus,4,Crustacean,Crustacean,NCBI RefSeq,
Eriocheir sinensis,5,Crustacean,Crustacean,NCBI RefSeq,
Scylla paramamosain,2,Crustacean,Crustacean,NCBI RefSeq,
Portunus trituberculatus ,2,Crustacean,Crustacean,NCBI RefSeq,
Artemia franciscana,1,Crustacean,Crustacean,NCBI RefSeq,
Oratosquilla oratoria,1,Crustacean,Crustacean,NCBI RefSeq,
Penaeus vannamei ,2,Crustacean,Crustacean,NCBI RefSeq,
Penaeus monodon ,3,Crustacean,Crustacean,NCBI RefSeq,
Penaeus chinensis ,1,Crustacean,Crustacean,NCBI RefSeq,
Penaeus japonicus,1,Crustacean,Crustacean,NCBI RefSeq,
Penaeus indicus ,3,Crustacean,Crustacean,NCBI RefSeq,
Acartia tonsa,1,Crustacean,Crustacean,NCBI RefSeq,
Eurytemora carolleeae ,1,Crustacean,Crustacean,NCBI RefSeq,
Macrobrachium nipponense,3,Crustacean,Crustacean,NCBI RefSeq,
Macrobrachium rosenbergii ,2,Crustacean,Crustacean,NCBI RefSeq,
Procambarus clarkii,2,Crustacean,Crustacean,NCBI RefSeq,
Cherax quadricarinatus,2,Crustacean,Crustacean,NCBI RefSeq,
Palaemon carinicauda,1,Crustacean,Crustacean,NCBI RefSeq,
Amiota minor,3,drosophilidae_basal,drosophilidae_basal,This study,
Amiota albilabris,2,drosophilidae_basal,drosophilidae_basal,This study,
Amiota mariae,3,drosophilidae_basal,drosophilidae_basal,This study,
Amiota communis,4,drosophilidae_basal,drosophilidae_basal,This study,
Cacoxenus indagator,3,drosophilidae_basal,drosophilidae_basal,This study,
Phortica magna,2,drosophilidae_basal,drosophilidae_basal,This study,
Phortica okadai,3,drosophilidae_basal,drosophilidae_basal,This study,
Phortica variegata,3,drosophilidae_basal,drosophilidae_basal,This study,
Leucophenga maculata,3,drosophilidae_basal,drosophilidae_basal,This study,
Leucophenga montana,3,drosophilidae_basal,drosophilidae_basal,This study,
Leucophenga varia,4,drosophilidae_basal,drosophilidae_basal,This study,
Leucophenga sp. EGD-2024J,5,drosophilidae_basal,drosophilidae_basal,This study,
Leucophenga sp. EGD-2024K,5,drosophilidae_basal,drosophilidae_basal,This study,
Stegana nigrithorax,3,drosophilidae_basal,drosophilidae_basal,This study,
Stegana sp. 2,3,drosophilidae_basal,drosophilidae_basal,This study,
Stegana sp. 1,3,drosophilidae_basal,drosophilidae_basal,This study,
Gitona distigma,3,drosophilidae_basal,drosophilidae_basal,This study,
Rhinoleucophenga americana,3,drosophilidae_basal,drosophilidae_basal,This study,
Rhinoleucophenga cf. bivisualis,3,drosophilidae_basal,drosophilidae_basal,This study,
Diathoneura tessellata,3,drosophilidae_basal,drosophilidae_basal,This study,
Scaptodrosophila lebanonensis,3,drosophilidae_basal,drosophilidae_basal,This study,
Scaptodrosophila inornata,3,drosophilidae_basal,drosophilidae_basal,This study,
Dichaetophora lindae,2,drosophilidae_drosophilinae,clade_2,This study,
Drosophila polychaeta,2,drosophilidae_drosophilinae,clade_2,This study,
Drosophila picta,2,drosophilidae_drosophilinae,clade_2,This study,
Drosophila gaucha,2,drosophilidae_drosophilinae,clade_2,This study,
Drosophila pegasa,2,drosophilidae_drosophilinae,clade_2,This study,
Drosophila hamatofila,2,drosophilidae_drosophilinae,clade_2,This study,
Drosophila mayaguana,2,drosophilidae_drosophilinae,clade_2,This study,
Drosophila aldrichi,2,drosophilidae_drosophilinae,clade_2,This study,
Drosophila mulleri,2,drosophilidae_drosophilinae,clade_2,This study,
Drosophila navojoa,2,drosophilidae_drosophilinae,clade_2,This study,
Drosophila arizonae,2,drosophilidae_drosophilinae,clade_2,This study,
Drosophila mojavensis,2,drosophilidae_drosophilinae,clade_2,This study,
Drosophila stalkeri,2,drosophilidae_drosophilinae,clade_2,This study,
Drosophila buzzatii,2,drosophilidae_drosophilinae,clade_2,This study,
Drosophila koepferae,2,drosophilidae_drosophilinae,clade_2,This study,
Drosophila antonietae,2,drosophilidae_drosophilinae,clade_2,This study,
Drosophila borborema,2,drosophilidae_drosophilinae,clade_2,This study,
Drosophila seriema,2,drosophilidae_drosophilinae,clade_2,This study,
Drosophila meridiana,2,drosophilidae_drosophilinae,clade_2,This study,
Drosophila meridionalis,2,drosophilidae_drosophilinae,clade_2,This study,
Drosophila nigricruria,2,drosophilidae_drosophilinae,clade_2,This study,
Drosophila fulvimacula,2,drosophilidae_drosophilinae,clade_2,This study,
Drosophila peninsularis,2,drosophilidae_drosophilinae,clade_2,This study,
Drosophila repleta,2,drosophilidae_drosophilinae,clade_2,This study,
Drosophila mercatorum,2,drosophilidae_drosophilinae,clade_2,This study,
Drosophila paranaensis,2,drosophilidae_drosophilinae,clade_2,This study,
Drosophila leonis,2,drosophilidae_drosophilinae,clade_2,This study,
Drosophila anceps,2,drosophilidae_drosophilinae,clade_2,This study,
Drosophila mettleri,2,drosophilidae_drosophilinae,clade_2,This study,
Drosophila eohydei,2,drosophilidae_drosophilinae,clade_2,This study,
Drosophila hydei,2,drosophilidae_drosophilinae,clade_2,This study,
Drosophila bromeliae,2,drosophilidae_drosophilinae,clade_2,This study,
Drosophila nannoptera,2,drosophilidae_drosophilinae,clade_2,This study,
Drosophila pachea,2,drosophilidae_drosophilinae,clade_2,This study,
Drosophila acanthoptera,2,drosophilidae_drosophilinae,clade_2,This study,
Drosophila wassermani,2,drosophilidae_drosophilinae,clade_2,This study,
Drosophila incompta,2,drosophilidae_drosophilinae,clade_2,This study,
Drosophila flexa,2,drosophilidae_drosophilinae,clade_2,This study,
Drosophila pseudotalamancana,2,drosophilidae_drosophilinae,clade_2,This study,
Drosophila virils,2,drosophilidae_drosophilinae,clade_2,This study,
Drosophila lummei,2,drosophilidae_drosophilinae,clade_2,This study,
Drosophila americana,2,drosophilidae_drosophilinae,clade_2,This study,
Drosophila novamexicana,2,drosophilidae_drosophilinae,clade_2,This study,
Drosophila littoralis,2,drosophilidae_drosophilinae,clade_2,This study,
Drosophila kanekoi,2,drosophilidae_drosophilinae,clade_2,This study,
Drosophila ezoana,2,drosophilidae_drosophilinae,clade_2,This study,
Drosophila lacicola,2,drosophilidae_drosophilinae,clade_2,This study,
Drosophila montana,2,drosophilidae_drosophilinae,clade_2,This study,
Drosophila borealis,2,drosophilidae_drosophilinae,clade_2,This study,
Drosophila flavomontana,2,drosophilidae_drosophilinae,clade_2,This study,
Drosophila micromelanica,2,drosophilidae_drosophilinae,clade_2,This study,
Drosophila nigromelanica,2,drosophilidae_drosophilinae,clade_2,This study,
Drosophila euronotus,2,drosophilidae_drosophilinae,clade_2,This study,
Drosophila paramelanica,2,drosophilidae_drosophilinae,clade_2,This study,
Drosophila melanica,2,drosophilidae_drosophilinae,clade_2,This study,
Drosophila robusta,2,drosophilidae_drosophilinae,clade_2,This study,
Drosophila sordidula,2,drosophilidae_drosophilinae,clade_2,This study,
Drosophila colorata,2,drosophilidae_drosophilinae,clade_2,This study,
Drosophila moriwakii,2,drosophilidae_drosophilinae,clade_2,This study,
Drosophila lacertosa,2,drosophilidae_drosophilinae,clade_2,This study,
Drosophila okadai,2,drosophilidae_drosophilinae,clade_2,This study,
Drosophila enhydrobia,2,drosophilidae_drosophilinae,clade_2,This study,
Drosophila quadrisetata,2,drosophilidae_drosophilinae,clade_2,This study,
Drosophila imparisetae,2,drosophilidae_drosophilinae,clade_2,This study,
Drosophila atroscutellata,2,drosophilidae_drosophilinae,clade_2,This study,
Drosophila trichaetosa,2,drosophilidae_drosophilinae,clade_2,This study,
Drosophila percnosoma,2,drosophilidae_drosophilinae,clade_2,This study,
Drosophila neutralis,2,drosophilidae_drosophilinae,clade_2,This study,
Drosophila incognita,3,drosophilidae_drosophilinae,clade_2,This study,
Drosophila conformis,2,drosophilidae_drosophilinae,clade_2,This study,
Drosophila sordidapex,2,drosophilidae_drosophilinae,clade_2,This study,
Drosophila seclusa,2,drosophilidae_drosophilinae,clade_2,This study,
Drosophila nr. perissopoda1,2,drosophilidae_drosophilinae,clade_2,This study,
Drosophila nr. perissopoda5,2,drosophilidae_drosophilinae,clade_2,This study,
Drosophila nigritarsus,2,drosophilidae_drosophilinae,clade_2,This study,
Drosophila nr. medialis2,2,drosophilidae_drosophilinae,clade_2,This study,
Drosophila nr. medialis3,2,drosophilidae_drosophilinae,clade_2,This study,
Drosophila kokeensis,2,drosophilidae_drosophilinae,clade_2,This study,
Drosophila nr. fundita,2,drosophilidae_drosophilinae,clade_2,This study,
Drosophila cracens,2,drosophilidae_drosophilinae,clade_2,This study,
Drosophila paracracens,2,drosophilidae_drosophilinae,clade_2,This study,
Drosophila cognata,2,drosophilidae_drosophilinae,clade_2,This study,
Drosophila yooni,2,drosophilidae_drosophilinae,clade_2,This study,
Drosophila tanythrix,2,drosophilidae_drosophilinae,clade_2,This study,
Drosophila mimica,2,drosophilidae_drosophilinae,clade_2,This study,
Drosophila infuscata,2,drosophilidae_drosophilinae,clade_2,This study,
Drosophila kambysellisi,2,drosophilidae_drosophilinae,clade_2,This study,
Drosophila longiperda,2,drosophilidae_drosophilinae,clade_2,This study,
Drosophila fungiperda,2,drosophilidae_drosophilinae,clade_2,This study,
Drosophila melanosoma,2,drosophilidae_drosophilinae,clade_2,This study,
Drosophila dives,2,drosophilidae_drosophilinae,clade_2,This study,
Drosophila demipolita,2,drosophilidae_drosophilinae,clade_2,This study,
Drosophila multiciliata,2,drosophilidae_drosophilinae,clade_2,This study,
Drosophila primaeva,2,drosophilidae_drosophilinae,clade_2,This study,
Drosophila setosimentum,2,drosophilidae_drosophilinae,clade_2,This study,
Drosophila engyochracea,2,drosophilidae_drosophilinae,clade_2,This study,
Drosophila villosipedis,2,drosophilidae_drosophilinae,clade_2,This study,
Drosophila ochracea,2,drosophilidae_drosophilinae,clade_2,This study,
Drosophila limitata,2,drosophilidae_drosophilinae,clade_2,This study,
Drosophila sproati,2,drosophilidae_drosophilinae,clade_2,This study,
Drosophila murphyi,2,drosophilidae_drosophilinae,clade_2,This study,
Drosophila hawaiiensis,2,drosophilidae_drosophilinae,clade_2,This study,
Drosophila crucigera,2,drosophilidae_drosophilinae,clade_2,This study,
Drosophila pullipes,2,drosophilidae_drosophilinae,clade_2,This study,
Drosophila grimshawi,2,drosophilidae_drosophilinae,clade_2,This study,
Drosophila macrothrix,2,drosophilidae_drosophilinae,clade_2,This study,
Drosophila glabriapex,2,drosophilidae_drosophilinae,clade_2,This study,
Drosophila paucipuncta,2,drosophilidae_drosophilinae,clade_2,This study,
Drosophila basisetae,2,drosophilidae_drosophilinae,clade_2,This study,
Drosophila prolacticilia,2,drosophilidae_drosophilinae,clade_2,This study,
Drosophila picticornis,2,drosophilidae_drosophilinae,clade_2,This study,
Drosophila heteroneura,2,drosophilidae_drosophilinae,clade_2,This study,
Drosophila silvestris,2,drosophilidae_drosophilinae,clade_2,This study,
Drosophila differens,2,drosophilidae_drosophilinae,clade_2,This study,
Drosophila planitibia,2,drosophilidae_drosophilinae,clade_2,This study,
Drosophila neoperkinsi,2,drosophilidae_drosophilinae,clade_2,This study,
Drosophila cyrtoloma,2,drosophilidae_drosophilinae,clade_2,This study,
Drosophila melanocephala,2,drosophilidae_drosophilinae,clade_2,This study,
Drosophila anomalipes,2,drosophilidae_drosophilinae,clade_2,This study,
Drosophila quasianomalipes,2,drosophilidae_drosophilinae,clade_2,This study,
Scaptomyza hsui,2,drosophilidae_drosophilinae,clade_2,This study,
Scaptomyza parva,2,drosophilidae_drosophilinae,clade_2,This study,
Scaptomyza elmoi,2,drosophilidae_drosophilinae,clade_2,This study,
Scaptomyza pallida,2,drosophilidae_drosophilinae,clade_2,This study,
Scaptomyza reducta,2,drosophilidae_drosophilinae,clade_2,This study,
Scaptomyza cyrtandrae,2,drosophilidae_drosophilinae,clade_2,This study,
Scaptomyza tumidula,2,drosophilidae_drosophilinae,clade_2,This study,
Scaptomyza caliginosa,2,drosophilidae_drosophilinae,clade_2,This study,
Scaptomyza palmae,2,drosophilidae_drosophilinae,clade_2,This study,
Scaptomyza polygonia,2,drosophilidae_drosophilinae,clade_2,This study,
Scaptomyza graminum,2,drosophilidae_drosophilinae,clade_2,This study,
Scaptomyza flava,2,drosophilidae_drosophilinae,clade_2,This study,
Scaptomyza montana,3,drosophilidae_drosophilinae,clade_2,This study,
Drosophila flavopinicola,2,drosophilidae_drosophilinae,clade_2,This study,
Drosophila nigrosparsa,2,drosophilidae_drosophilinae,clade_2,This study,
Drosophila maculinotata,2,drosophilidae_drosophilinae,clade_2,This study,
Mulgravea parasiatica,1,drosophilidae_drosophilinae,clade_2,This study,
Hirtodrosophila nokogiri,2,drosophilidae_drosophilinae,clade_2,This study,
Hirtodrosophila cameraria,2,drosophilidae_drosophilinae,clade_2,This study,
Hirtodrosophila confusa,2,drosophilidae_drosophilinae,clade_2,This study,
Hirtodrosophila histrioides,2,drosophilidae_drosophilinae,clade_2,This study,
Mycodrosophila poecilogastra,2,drosophilidae_drosophilinae,clade_2,This study,
Hirtodrosophila caputudis,2,drosophilidae_drosophilinae,clade_2,This study,
Hirtodrosophila alboralis,2,drosophilidae_drosophilinae,clade_2,This study,
Zaprionus lineosus,2,drosophilidae_drosophilinae,clade_2,This study,
Hirtodrosophila trivittata,3,drosophilidae_drosophilinae,clade_2,This study,
Zygothrica quintamaculata,3,drosophilidae_drosophilinae,clade_2,This study,
Dettopsomyia nigrovittata,2,drosophilidae_drosophilinae,clade_2,This study,
Drosophila repletoides,2,drosophilidae_drosophilinae,clade_2,This study,
Drosophila quadrilineata,2,drosophilidae_drosophilinae,clade_2,This study,
Drosophila histrio,2,drosophilidae_drosophilinae,clade_2,This study,
Drosophila rellima,2,drosophilidae_drosophilinae,clade_2,This study,
Drosophila limbata,2,drosophilidae_drosophilinae,clade_2,This study,
Drosophila guttifera,2,drosophilidae_drosophilinae,clade_2,This study,
Drosophila quinaria,2,drosophilidae_drosophilinae,clade_2,This study,
Drosophila suboccidentalis,2,drosophilidae_drosophilinae,clade_2,This study,
Drosophila recens,2,drosophilidae_drosophilinae,clade_2,This study,
Drosophila subquinaria,2,drosophilidae_drosophilinae,clade_2,This study,
Drosophila palustris,2,drosophilidae_drosophilinae,clade_2,This study,
Drosophila subpalustris,2,drosophilidae_drosophilinae,clade_2,This study,
Drosophila kuntzei,2,drosophilidae_drosophilinae,clade_2,This study,
Drosophila sp. Sao Tome,2,drosophilidae_drosophilinae,clade_2,This study,
Drosophila phalerata,2,drosophilidae_drosophilinae,clade_2,This study,
Drosophila falleni,2,drosophilidae_drosophilinae,clade_2,This study,
Drosophila innubila,2,drosophilidae_drosophilinae,clade_2,This study,
Drosophila bizonata,3,drosophilidae_drosophilinae,clade_2,This study,
Drosophila putrida,2,drosophilidae_drosophilinae,clade_2,This study,
Drosophila orientacea,3,drosophilidae_drosophilinae,clade_2,This study,
Drosophila neotestacea,3,drosophilidae_drosophilinae,clade_2,This study,
Drosophila testacea,3,drosophilidae_drosophilinae,clade_2,This study,
Drosophila macrospina,2,drosophilidae_drosophilinae,clade_2,This study,
Drosophila funebris,2,drosophilidae_drosophilinae,clade_2,This study,
Drosophila multispina,2,drosophilidae_drosophilinae,clade_2,This study,
Drosophila cardini,2,drosophilidae_drosophilinae,clade_2,This study,
Drosophila parthenogenetica,2,drosophilidae_drosophilinae,clade_2,This study,
Drosophila acutilabella,2,drosophilidae_drosophilinae,clade_2,This study,
Drosophila arawakana,2,drosophilidae_drosophilinae,clade_2,This study,
Drosophila nigrodunni,2,drosophilidae_drosophilinae,clade_2,This study,
Drosophila dunni,2,drosophilidae_drosophilinae,clade_2,This study,
Drosophila similis,2,drosophilidae_drosophilinae,clade_2,This study,
Drosophila ornatifrons,2,drosophilidae_drosophilinae,clade_2,This study,
Drosophila subbadia,2,drosophilidae_drosophilinae,clade_2,This study,
Drosophila pallidipennis,2,drosophilidae_drosophilinae,clade_2,This study,
Drosophila tripunctata,2,drosophilidae_drosophilinae,clade_2,This study,
Drosophila pruinosa,2,drosophilidae_drosophilinae,clade_2,This study,
Drosophila neohypocausta,2,drosophilidae_drosophilinae,clade_2,This study,
Drosophila niveifrons,2,drosophilidae_drosophilinae,clade_2,This study,
Drosophila kepulauana,2,drosophilidae_drosophilinae,clade_2,This study,
Drosophila albomicans,2,drosophilidae_drosophilinae,clade_2,This study,
Drosophila nasuta,2,drosophilidae_drosophilinae,clade_2,This study,
Drosophila neonasuta,2,drosophilidae_drosophilinae,clade_2,This study,
Drosophila kohkoa,2,drosophilidae_drosophilinae,clade_2,This study,
Drosophila pallidifrons,2,drosophilidae_drosophilinae,clade_2,This study,
Drosophila pulaua,2,drosophilidae_drosophilinae,clade_2,This study,
Drosophila sulfurigaster sulfurigaster,2,drosophilidae_drosophilinae,clade_2,This study,
Drosophila immigrans,2,drosophilidae_drosophilinae,clade_2,This study,
Drosophila formosana,2,drosophilidae_drosophilinae,clade_2,This study,
Drosophila ustulata,2,drosophilidae_drosophilinae,clade_2,This study,
Drosophila rubida,2,drosophilidae_drosophilinae,clade_2,This study,
Drosophila siamana,2,drosophilidae_drosophilinae,clade_2,This study,
Drosophila hypocausta,2,drosophilidae_drosophilinae,clade_2,This study,
Drosophila sternopleuralis,3,drosophilidae_drosophilinae,clade_2,This study,
Drosophila trisetosa,3,drosophilidae_drosophilinae,clade_2,This study,
Zaprionus obscuricornis,2,drosophilidae_drosophilinae,clade_2,This study,
Zaprionus bogoriensis,2,drosophilidae_drosophilinae,clade_2,This study,
Zaprionus vittiger,2,drosophilidae_drosophilinae,clade_2,This study,
Zaprionus lachaisei,2,drosophilidae_drosophilinae,clade_2,This study,
Zaprionus camerounensis,2,drosophilidae_drosophilinae,clade_2,This study,
Zaprionus nigranus,3,drosophilidae_drosophilinae,clade_2,This study,
Zaprionus capensis,3,drosophilidae_drosophilinae,clade_2,This study,
Zaprionus davidi,2,drosophilidae_drosophilinae,clade_2,This study,
Zaprionus taronus,3,drosophilidae_drosophilinae,clade_2,This study,
Zaprionus africanus,2,drosophilidae_drosophilinae,clade_2,This study,
Zaprionus gabonicus,2,drosophilidae_drosophilinae,clade_2,This study,
Zaprionus indianus,2,drosophilidae_drosophilinae,clade_2,This study,
Zaprionus megalorchis,2,drosophilidae_drosophilinae,clade_2,This study,
Zaprionus ornatus,2,drosophilidae_drosophilinae,clade_2,This study,
Zaprionus ghesquierei,2,drosophilidae_drosophilinae,clade_2,This study,
Zaprionus inermis,2,drosophilidae_drosophilinae,clade_2,This study,
Zaprionus kolodkinae,2,drosophilidae_drosophilinae,clade_2,This study,
Zaprionus tuberculatus,2,drosophilidae_drosophilinae,clade_2,This study,
Zaprionus sepsoides,2,drosophilidae_drosophilinae,clade_2,This study,
Zaprionus tsacasi,2,drosophilidae_drosophilinae,clade_2,This study,
Sphaerogastrella javana,2,drosophilidae_drosophilinae,clade_2,This study,
Hypselothyrea guttata,2,drosophilidae_drosophilinae,clade_2,This study,
Liodrosophila aerea,2,drosophilidae_drosophilinae,clade_2,This study,
Zygothrica flavofinira,2,drosophilidae_drosophilinae,clade_2,This study,
Phorticella flavipennis,2,drosophilidae_drosophilinae,clade_2,This study,
Drosophila busckii,2,drosophilidae_drosophilinae,clade_2,This study,
Microdrosophila cristata,2,drosophilidae_drosophilinae,clade_2,This study,
Drosophila baimaii,2,drosophilidae_drosophilinae,clade_1,This study,
Drosophila orosa,2,drosophilidae_drosophilinae,clade_1,This study,
Drosophila jambulina,2,drosophilidae_drosophilinae,clade_1,This study,
Drosophila greeni,2,drosophilidae_drosophilinae,clade_1,This study,
Drosophila vulcana,2,drosophilidae_drosophilinae,clade_1,This study,
Drosophila nikananu,2,drosophilidae_drosophilinae,clade_1,This study,
Drosophila diplacantha,2,drosophilidae_drosophilinae,clade_1,This study,
Drosophila aff. chauvacae BK-2020,2,drosophilidae_drosophilinae,clade_1,This study,
Drosophila burlai,2,drosophilidae_drosophilinae,clade_1,This study,
Drosophila cf. chauvacae,2,drosophilidae_drosophilinae,clade_1,This study,
Drosophila bocqueti,2,drosophilidae_drosophilinae,clade_1,This study,
Drosophila cf. bocqueti,2,drosophilidae_drosophilinae,clade_1,This study,
Drosophila bakoue,2,drosophilidae_drosophilinae,clade_1,This study,
Drosophila aff. tsacasi,3,drosophilidae_drosophilinae,clade_1,This study,
Drosophila tsacasi,2,drosophilidae_drosophilinae,clade_1,This study,
Drosophila malagassya,2,drosophilidae_drosophilinae,clade_1,This study,
Drosophila seguyi,2,drosophilidae_drosophilinae,clade_1,This study,
Drosophila birchii,2,drosophilidae_drosophilinae,clade_1,This study,
Drosophila mayri,2,drosophilidae_drosophilinae,clade_1,This study,
Drosophila anomelani,2,drosophilidae_drosophilinae,clade_1,This study,
Drosophila barbarae,2,drosophilidae_drosophilinae,clade_1,This study,
Drosophila truncata,2,drosophilidae_drosophilinae,clade_1,This study,
Drosophila aff. bicornuta,2,drosophilidae_drosophilinae,clade_1,This study,
Drosophila bicornuta,2,drosophilidae_drosophilinae,clade_1,This study,
Drosophila bunnanda,2,drosophilidae_drosophilinae,clade_1,This study,
Drosophila serrata,2,drosophilidae_drosophilinae,clade_1,This study,
Drosophila punjabiensis,2,drosophilidae_drosophilinae,clade_1,This study,
Drosophila watanabei,2,drosophilidae_drosophilinae,clade_1,This study,
Drosophila ogumai,2,drosophilidae_drosophilinae,clade_1,This study,
Drosophila lini,2,drosophilidae_drosophilinae,clade_1,This study,
Drosophila ohnishii,2,drosophilidae_drosophilinae,clade_1,This study,
Drosophila kikkawai,2,drosophilidae_drosophilinae,clade_1,This study,
Drosophila bocki,2,drosophilidae_drosophilinae,clade_1,This study,
Drosophila leontia,2,drosophilidae_drosophilinae,clade_1,This study,
Drosophila kanapiae,2,drosophilidae_drosophilinae,clade_1,This study,
Drosophila parvula,2,drosophilidae_drosophilinae,clade_1,This study,
Drosophila tani,2,drosophilidae_drosophilinae,clade_1,This study,
Drosophila rufa,2,drosophilidae_drosophilinae,clade_1,This study,
Drosophila asahinai,2,drosophilidae_drosophilinae,clade_1,This study,
Drosophila lacteicornis,2,drosophilidae_drosophilinae,clade_1,This study,
Drosophila auraria,2,drosophilidae_drosophilinae,clade_1,This study,
Drosophila triauraria,2,drosophilidae_drosophilinae,clade_1,This study,
Drosophila pectinifera,2,drosophilidae_drosophilinae,clade_1,This study,
Drosophila trapezifrons,2,drosophilidae_drosophilinae,clade_1,This study,
Drosophila fengkainensis,2,drosophilidae_drosophilinae,clade_1,This study,
Drosophila oshimai,2,drosophilidae_drosophilinae,clade_1,This study,
Drosophila eugracilis,5,drosophilidae_drosophilinae,clade_1,This study,
Drosophila erecta,3,drosophilidae_drosophilinae,clade_1,This study,
Drosophila orena,3,drosophilidae_drosophilinae,clade_1,This study,
Drosophila teissieri,4,drosophilidae_drosophilinae,clade_1,This study,
Drosophila santomea,3,drosophilidae_drosophilinae,clade_1,This study,
Drosophila yakuba,4,drosophilidae_drosophilinae,clade_1,This study,
Drosophila melanogaster,3,drosophilidae_drosophilinae,clade_1,This study,
Drosophila mauritiana,3,drosophilidae_drosophilinae,clade_1,This study,
Drosophila sechellia,3,drosophilidae_drosophilinae,clade_1,This study,
Drosophila simulans,3,drosophilidae_drosophilinae,clade_1,This study,
Drosophila mimetica,3,drosophilidae_drosophilinae,clade_1,This study,
Drosophila takahashii,5,drosophilidae_drosophilinae,clade_1,This study,
Drosophila lutescens,3,drosophilidae_drosophilinae,clade_1,This study,
Drosophila pseudotakahashii,4,drosophilidae_drosophilinae,clade_1,This study,
Drosophila prostipennis,4,drosophilidae_drosophilinae,clade_1,This study,
Drosophila biarmipes,3,drosophilidae_drosophilinae,clade_1,This study,
Drosophila subpulchrella,3,drosophilidae_drosophilinae,clade_1,This study,
Drosophila suzukii,3,drosophilidae_drosophilinae,clade_1,This study,
Drosophila ficusphila,2,drosophilidae_drosophilinae,clade_1,This study,
Drosophila fuyamai,4,drosophilidae_drosophilinae,clade_1,This study,
Drosophila kurseongensis,4,drosophilidae_drosophilinae,clade_1,This study,
Drosophila prolongata,4,drosophilidae_drosophilinae,clade_1,This study,
Drosophila carrolli,3,drosophilidae_drosophilinae,clade_1,This study,
Drosophila rhopaloa,4,drosophilidae_drosophilinae,clade_1,This study,
Drosophila elegans,3,drosophilidae_drosophilinae,clade_1,This study,
Drosophila gunungcola,3,drosophilidae_drosophilinae,clade_1,This study,
Drosophila setifemur,2,drosophilidae_drosophilinae,clade_1,This study,
Drosophila ironensis,2,drosophilidae_drosophilinae,clade_1,This study,
Drosophila pandora,2,drosophilidae_drosophilinae,clade_1,This study,
Drosophila parapallidosa,2,drosophilidae_drosophilinae,clade_1,This study,
Drosophila anomalata,2,drosophilidae_drosophilinae,clade_1,This study,
Drosophila ananassae,2,drosophilidae_drosophilinae,clade_1,This study,
Drosophila pallidosa,2,drosophilidae_drosophilinae,clade_1,This study,
Drosophila atripex,2,drosophilidae_drosophilinae,clade_1,This study,
Drosophila monieri,2,drosophilidae_drosophilinae,clade_1,This study,
Drosophila pseudoananassae pseudoananassae,2,drosophilidae_drosophilinae,clade_1,This study,
Drosophila malerkotliana malerkotliana,2,drosophilidae_drosophilinae,clade_1,This study,
Drosophila bipectinata,2,drosophilidae_drosophilinae,clade_1,This study,
Drosophila parabipectinata,2,drosophilidae_drosophilinae,clade_1,This study,
Drosophila varians,2,drosophilidae_drosophilinae,clade_1,This study,
Drosophila vallismaia,2,drosophilidae_drosophilinae,clade_1,This study,
Drosophila ercepeae,2,drosophilidae_drosophilinae,clade_1,This study,
Drosophila merina,2,drosophilidae_drosophilinae,clade_1,This study,
Drosophila helvetica,2,drosophilidae_drosophilinae,clade_1,This study,
Drosophila azteca,2,drosophilidae_drosophilinae,clade_1,This study,
Drosophila affinis,2,drosophilidae_drosophilinae,clade_1,This study,
Drosophila algonquin,3,drosophilidae_drosophilinae,clade_1,This study,
Drosophila athabasca,2,drosophilidae_drosophilinae,clade_1,This study,
Drosophila lowei,2,drosophilidae_drosophilinae,clade_1,This study,
Drosophila miranda,2,drosophilidae_drosophilinae,clade_1,This study,
Drosophila persimilis,2,drosophilidae_drosophilinae,clade_1,This study,
Drosophila pseudoobscura,2,drosophilidae_drosophilinae,clade_1,This study,
Drosophila subsilvestris,2,drosophilidae_drosophilinae,clade_1,This study,
Drosophila obscura,2,drosophilidae_drosophilinae,clade_1,This study,
Drosophila ambigua,2,drosophilidae_drosophilinae,clade_1,This study,
Drosophila tristis,2,drosophilidae_drosophilinae,clade_1,This study,
Drosophila bifasciata,2,drosophilidae_drosophilinae,clade_1,This study,
Drosophila imaii,2,drosophilidae_drosophilinae,clade_1,This study,
Drosophila guanche,2,drosophilidae_drosophilinae,clade_1,This study,
Drosophila madeirensis,2,drosophilidae_drosophilinae,clade_1,This study,
Drosophila subobscura,2,drosophilidae_drosophilinae,clade_1,This study,
Drosophila pseudosaltans,3,drosophilidae_drosophilinae,clade_1,This study,
Drosophila septentriosaltans,4,drosophilidae_drosophilinae,clade_1,This study,
Drosophila saltans,3,drosophilidae_drosophilinae,clade_1,This study,
Drosophila austrosaltans,3,drosophilidae_drosophilinae,clade_1,This study,
Drosophila prosaltans,3,drosophilidae_drosophilinae,clade_1,This study,
Drosophila neocordata,2,drosophilidae_drosophilinae,clade_1,This study,
Drosophila neosaltans,3,drosophilidae_drosophilinae,clade_1,This study,
Drosophila emarginata,4,drosophilidae_drosophilinae,clade_1,This study,
Drosophila neoelliptica,3,drosophilidae_drosophilinae,clade_1,This study,
Drosophila lehrmanae,3,drosophilidae_drosophilinae,clade_1,This study,
Drosophila sturtevanti,3,drosophilidae_drosophilinae,clade_1,This study,
Drosophila dacunhai,3,drosophilidae_drosophilinae,clade_1,This study,
Drosophila milleri,3,drosophilidae_drosophilinae,clade_1,This study,
Drosophila nigrosaltans,3,drosophilidae_drosophilinae,clade_1,This study,
Drosophila parasaltans,3,drosophilidae_drosophilinae,clade_1,This study,
Drosophila nebulosa,2,drosophilidae_drosophilinae,clade_1,This study,
Drosophila insularis,2,drosophilidae_drosophilinae,clade_1,This study,
Drosophila tropicalis,2,drosophilidae_drosophilinae,clade_1,This study,
Drosophila willistoni,2,drosophilidae_drosophilinae,clade_1,This study,
Drosophila equinoxialis,2,drosophilidae_drosophilinae,clade_1,This study,
Drosophila paulistorum,2,drosophilidae_drosophilinae,clade_1,This study,
Drosophila sp. 14030-0761.01,3,drosophilidae_drosophilinae,clade_1,This study,
Drosophila sucinea,3,drosophilidae_drosophilinae,clade_1,This study,
Lordiphosa mommai,3,drosophilidae_drosophilinae,clade_1,This study,
Lordiphosa magnipectinata,2,drosophilidae_drosophilinae,clade_1,This study,
Lordiphosa clarofinis,2,drosophilidae_drosophilinae,clade_1,This study,
Lordiphosa stackelbergi,1,drosophilidae_drosophilinae,clade_1,This study,
Lordiphosa collinella,3,drosophilidae_drosophilinae,clade_1,This study,
Lordiphosa andalusiaca,2,drosophilidae_drosophilinae,clade_1,This study,
Lordiphosa fenestrarum,2,drosophilidae_drosophilinae,clade_1,This study,
Collessia kirishimana,2,drosophilidae_drosophilinae,clade_1,This study,
Hirtodrosophila duncani,2,drosophilidae_drosophilinae,clade_1,This study,
Impatiophila unicolorata,0,drosophilidae_basal,drosophilidae_basal,This study,
Impatiophila forcipivalva,0,drosophilidae_basal,drosophilidae_basal,This study,
Impatiophila xiaoi,0,drosophilidae_basal,drosophilidae_basal,This study,
Lissocephala sabroskyi,3,drosophilidae_basal,drosophilidae_basal,This study,
Scaptodrosophila latifasciaeformis,3,drosophilidae_basal,drosophilidae_basal,This study,
Scaptodrosophila scaptomyzoidea,2,drosophilidae_basal,drosophilidae_basal,This study,
Neotanygastrella sp.,3,drosophilidae_basal,drosophilidae_basal,This study,
Chymomyza caudatula,3,drosophilidae_basal,drosophilidae_basal,This study,
Chymomyza procnemis,4,drosophilidae_basal,drosophilidae_basal,This study,
Chymomyza amoena,4,drosophilidae_basal,drosophilidae_basal,This study,
Chymomyza fuscimana,4,drosophilidae_basal,drosophilidae_basal,This study,
Chymomyza costata,4,drosophilidae_basal,drosophilidae_basal,This study,
Colocasiomyia alocasiae,3,drosophilidae_basal,drosophilidae_basal,This study,
Colocasiomyia kotana,1,drosophilidae_basal,drosophilidae_basal,This study,
Colocasiomyia xenalocasiae,2,drosophilidae_basal,drosophilidae_basal,This study,
Diastata ussurica,3,Diastatidae,Diptera_other,This study,
Ephydra hians,2,Ephydridae,Diptera_other,This study,
Ephydra gracilis,4,Ephydridae,Diptera_other,This study,
Liriomyza trifolii,3,Agromizyidae,Diptera_other,This study,