label,taxonomy,locus,exon_count
WP_137141898.1_endonuclease/exonuclease/phosphatase_family_protein__Azospirillum_brasilense_,Proteobacteria,NA,1
NTW63830.1_hypothetical_protein__Chlorobiaceae_bacterium_,Chlorobiota,NA,1
WP_347986097.1_endonuclease/exonuclease/phosphatase_family_protein__Methylomonas_sp._AM2-LC_,Archaea,NA,1
WP_171014181.1_endonuclease/exonuclease/phosphatase_family_protein__Chitinivorax_sp._B_,Proteobacteria,NA,1
XP_031639861.1_uncharacterized_protein_LOC116351853__Contarinia_nasturtii_,Insect,NA,1
_RHINOLEUCOPHENGA_AMERICANA_JBNMFV010001541_-_putative_cdtb_translation,Drosophilidae,9,3
_DETTOPSOMYIA_NIGROVITTATA.GCA_037040065.1_JBANCX010017073.1_-_putative_cdtb_translation,Drosophilidae,NA,3
_COLOCASIOMYIA_ALOCASIAE_JBNMFS010005811_-_putative_cdtb_translation,Drosophilidae,NA,3
_COLOCASIOMYIA_ALOCASIAE_JBNMFS010005811_-_putative_fusion_cdtB_translation,Drosophilidae,NA,5
XP_022163116.1_uncharacterized_protein_LOC111028693__Myzus_persicae_,Insect,NA,3
_DROSOPHILA_AUSTROSALTANS.nanopore_contig_73_-_g7.t1_translation,Drosophilidae,5,3
_DROSOPHILA_PARTHENOGENETICA.nanopore_contig_103_-_cdtB1_putative_orf_translation,Drosophilidae,4,3
_DROSOPHILA_ARAWAKANA.GCA_018151165_JAECWX01000063_-_putative_cdtb_translation,Drosophilidae,4,3
_DROSOPHILA_ACUTILABELLA.nanopore_contig_20_-_CdtB_translation,Drosophilidae,4,3
_DROSOPHILA_DUNNI.GCA_018152125_JAECXC010004147.1_-_CDS_translation,Drosophilidae,4,3
_DROSOPHILA_PARTHENOGENETICA.nanopore_contig_103_-_cdtB2_translation,Drosophilidae,4,3
_DROSOPHILA_BIARMIPES_cdtB_translation,Drosophilidae,8,3
_DROSOPHILA_MONIERI_cdtB_translation,Drosophilidae,2,3
_DROSOPHILA_ATRIPEX_cdtB_translation,Drosophilidae,2,3
_DROSOPHILA_PANDORA_cdtb_translation,Drosophilidae,2,3
_DROSOPHILA_ANANASSAE_cdtB_-_LOC26513850_CDS_translation,Drosophilidae,2,3
_DROSOPHILA_PALLIDOSA_cdtB_translation,Drosophilidae,2,3
_DROSOPHILA_ANOMALATA_cdtB_translation,Drosophilidae,2,3
_DROSOPHILA_PARABIPECTINATA_cdtB_translation,Drosophilidae,2,3
_DROSOPHILA_MALERKOTLIANA_putativecdtB_translation,Drosophilidae,2,3
_DROSOPHILA_BIPECTINATA_cdtB_translation,Drosophilidae,2,3
_DROSOPHILA_PSEUDOANANASSAE_cdtB_translation,Drosophilidae,2,3
_DROSOPHILA_MONIERI_fusion_cdtB_translation,Drosophilidae,2,5
_DROSOPHILA_ANANASSAE_fusionA_cdtb_translation,Drosophilidae,2,5
_DROSOPHILA_ANOMALATA_fusionA_cdtB_translation,Drosophilidae,2,5
_DROSOPHILA_PANDORA_fusionA_cdtb_translation,Drosophilidae,2,5
_DROSOPHILA_ANANASSAE_fusionB_cdtB_translation,Drosophilidae,2,5
_DROSOPHILA_ANOMALATA_fusionB_cdtB_translation,Drosophilidae,2,5
_DROSOPHILA_PANDORA_fusionB_cdtB_translation,Drosophilidae,2,5
_DROSOPHILA_PALLIDOSA_fusionB_cdtb_translation,Drosophilidae,2,5
_DROSOPHILA_ATRIPEX_CSNg1_fusion_cdtB_translation,Drosophilidae,2,5
_DROSOPHILA_PSEUDOANANASSAE_fusion_cdtB_translation,Drosophilidae,2,5
_DROSOPHILA_PARABIPECTINATA_fusion_cdtB_translation,Drosophilidae,2,5
_DROSOPHILA_BIPECTINATA_fusion_cdtB_translation,Drosophilidae,2,5
_DROSOPHILA_MALERKOTLIANA_fusion_cdtB_translation,Drosophilidae,2,5
_DROSOPHILA_VARIANS_fusion_cdtb_translation,Drosophilidae,2,5
_DROSOPHILA_ERCEPEAE_cdtB_translation,Drosophilidae,2,3
_DROSOPHILA_MERINA_cdtB_translation,Drosophilidae,2,3
_DROSOPHILA_MERINA_fusion_cdtB_translation,Drosophilidae,2,5
_DROSOPHILA_VALLISMAIA_cdtB_translation,Drosophilidae,2,3
_DROSOPHILA_VARIANS_cdtB_translation,Drosophilidae,2,3
_DROSOPHILA_VARIANS_putativeCdtB_translation,Drosophilidae,2,3
_ZYGOTHRICA_FLAVOFINIRA.nanopore_contig_129_1_-_putative_cdtb_translation,Drosophilidae,1,1
_ZAPRIONUS_LINEOSUS.GCA_035044505.1_JAWNNX010000029_-_cdtb_translation,Drosophilidae,1,1
_HIRTODROSOPHILA_TRIVITTATA.nanopore_contig_1026_1_-_CdtB_translation,Drosophilidae,1,1
_DROSOPHILA_COLORATA.nanopore_contig_843_1_extraction_Copy_extraction_-_putative_cdtb_translation,Drosophilidae,1,1
_DROSOPHILA_LACERTOSA.GCA_004143845_SCDZ01000318.1_-_CdtB1_translation,Drosophilidae,1,1
_DROSOPHILA_MACULINOTATA.nanopore_contig_377_extraction_-_putative_cdtb_translation,Drosophilidae,1,1
_DROSOPHILA_PSEUDOTALAMANCANA.nanopore_contig_343_-_cdtb_translation,Drosophilidae,1,1
_DROSOPHILA_SORDIDULA.nanopore_contig_106_-_Putative_CdtB_translation,Drosophilidae,1,1
_DROSOPHILA_FLAVOPINICOLA.nanopore_contig_411_1_extraction_-_putative_Cdtb_translation,Drosophilidae,1,1
_DROSOPHILA_PRIMAEVA.flye_contig_279_extraction_2_-_putative_cdtb_translation,Drosophilidae,1,1
_SCAPTOMYZA_PALLIDA.GCA_018152965_JAECXP010000233._extraction_-_CDS_translation,Drosophilidae,1,2
_SCAPTOMYZA_MONTANA.GCA_018904305_JAEIGR010000004._-_putative_cdtb_translation,Drosophilidae,1,2
_SCAPTOMYZA_FLAVA.GCA_030179655_JARNME010000029.1_-_CdtB_translation,Drosophilidae,1,2
_SCAPTOMYZA_PARVA.nanopore_contig_49_1_-_cdtB3_translation,Drosophilidae,1,2
_SCAPTOMYZA_PARVA.nanopore_contig_49_1_-_putative_cdtb4_translation,Drosophilidae,1,2
_SCAPTOMYZA_PARVA.nanopore_contig_49_1_-_putative_cdtb1_translation,Drosophilidae,1,1
_SCAPTOMYZA_PARVA.nanopore_contig_49_1_-_cdtB2_translation,Drosophilidae,1,2
_SCAPTOMYZA_HSUI.GCA_018152825_JAECXO010000269.1_extraction_-_putative_cdtb_translation,Drosophilidae,1,2
_SCAPTOMYZA_REDUCTA.nanopore_contig_638_1_extraction_3_-_putative_cdtb2_translation,Drosophilidae,1,2
_SCAPTOMYZA_REDUCTA.nanopore_contig_638_1_extraction_-_putative_cdtb1_translation,Drosophilidae,1,2
_SCAPTOMYZA_REDUCTA.nanopore_contig_638_1_extraction_-_putative_cdtb4_translation,Drosophilidae,1,2
_SCAPTOMYZA_REDUCTA.nanopore_contig_638_1_extraction_-_putative_cdtb6_translation,Drosophilidae,1,2
_SCAPTOMYZA_REDUCTA.nanopore_contig_638_1_extraction_-_putative_cdtb3_translation,Drosophilidae,1,2
_SCAPTOMYZA_REDUCTA.nanopore_contig_638_1_extraction_2_-_putative_cdtB_3__translation,Drosophilidae,1,2
_SCAPTOMYZA_REDUCTA.nanopore_contig_638_1_extraction_-_gene__reversed__-_gene_-_putative_cdtb5_fixed_translation,Drosophilidae,1,2
_SCAPTOMYZA_CYRTANDRAE.nanopore_contig_785_1_-_putative_cdtb_translation,Drosophilidae,1,1
_SCAPTOMYZA_TUMIDULA.nanopore_contig_227_1_-_putative_cdtb2_translation,Drosophilidae,1,2
_SCAPTOMYZA_TUMIDULA.nanopore_contig_227_1_-_putative_cdtb1_translation,Drosophilidae,1,2
_HIRTODROSOPHILA_ALBORALIS.nanopore_contig_660_1_-_putative_cdtb_translation,Drosophilidae,1,1
_DROSOPHILA_FUNEBRIS.GCA_958295475_OY282425.1_-_CDS_translation,Drosophilidae,1,1
_DROSOPHILA_LIMBATA.GCA_963924055_OZ001353.1_-_putative_cdtB2_translation,Drosophilidae,1,1
_DROSOPHILA_GUTTIFERA.nanopore_356669_-_putative_cdtb1_translation,Drosophilidae,1,1
_DROSOPHILA_SUBOCCIDENTALIS.nanopore_contig_2266_1_-_cdtb4_translation,Drosophilidae,1*,1
_DROSOPHILA_SUBOCCIDENTALIS.nanopore_contig_1617_1_-_cdtb2_translation,Drosophilidae,1,1
_DROSOPHILA_SUBPALUSTRIS.GCA_054883435.1_JBREYA010000008.1_-_putative_cdtb2_translation,Drosophilidae,1,2
_DROSOPHILA_RELLIMA.nanopore_contig_990_1_-_CdtB_translation,Drosophilidae,1,1
_ZAPRIONUS_BOGORIENSIS.nanopore_contig_5_extraction_-_putative_CdtB_CDS_translation,Drosophilidae,1,1
_ZAPRIONUS_GHESQUIEREI.GCA_018904095_JAEIGP0100008_-_cdtb_translation,Drosophilidae,1,1
_ZAPRIONUS_TARONUS.GCA_018901805_JAEIFH010000789.1_-_CdtB_translation,Drosophilidae,3,1
_ZAPRIONUS_DAVIDI.GCA_018903715_JAEIGL010000005.1_-_cdtB_translation,Drosophilidae,3,1
_ZAPRIONUS_LACHAISEI.GCA_018901815_JAEIFI010000763_-_putative_cdtb_translation,Drosophilidae,3,1
_ZAPRIONUS_NIGRANUS.GCA_018903425_JAEIGD010000012._extraction_Copy_-_putative_cdtb_translation,Drosophilidae,3,1
_ZAPRIONUS_CAMEROUNENSIS.GCA_018904165_JAEIFS01000_-_cdtb_translation,Drosophilidae,3,1
_ZAPRIONUS_CAPENSIS.GCA_018903675_JAEIFN010000040._-_putative_cdtB_translation,Drosophilidae,3,1
_ZAPRIONUS_ORNATUS.GCA_018904035_JAEIFZ010000002.1_-_CdtB_translation,Drosophilidae,3,1
_ZAPRIONUS_MEGALORCHIS.GCA_051940805.1_JBNRRO010000264_-_cdtb__translation,Drosophilidae,3,1
_DROSOPHILA_BIZONATA_JBGOSG010001004_-_putative_cdtb_translation,Drosophilidae,1,2
_DROSOPHILA_HISTRIO.GCA_958299025_OY282580.2_-_CdtB_1_translation,Drosophilidae,1*,2
_DROSOPHILA_PUTRIDA.nanopore_contig_1597_1_extraction_-_putative_cdtb2_translation,Drosophilidae,1,2
_DROSOPHILA_TESTACEA.nanopore_contig_847_1_extraction_-_cdtB2_predictedORF_translation,Drosophilidae,1,1
_DROSOPHILA_ORIENTACEA.GCA_051314205.1_JBGOSF010000629__-_putative_cdtb_translation,Drosophilidae,1,2
_DROSOPHILA_KUNTZEI.nanopore_contig_1629_1_-_putative_cdtb_translation,Drosophilidae,NA,2
_DROSOPHILA_HISTRIO.GCA_958299025_OY282580.2_-_cdtB_2_translation,Drosophilidae,1,2
_DROSOPHILA_TESTACEA.nanopore_contig_418_1_extraction_-_putative_cdtb_translation,Drosophilidae,1,1
_DROSOPHILA_PUTRIDA.nanopore_contig_1597_1_extraction_Copy_-_putative_cdtb1_translation,Drosophilidae,1,1
_DROSOPHILA_GUTTIFERA.nanopore_356669_-_putative_cdtb2_translation,Drosophilidae,1,2
_DROSOPHILA_SUBOCCIDENTALIS.nanopore_contig_1617_1_-_cdtb1_translation,Drosophilidae,1,2
_DROSOPHILA_SUBOCCIDENTALIS.nanopore_contig_2266_1_-_cdtb3_translation,Drosophilidae,1*,2
_DROSOPHILA_QUINARIA.nanopore_contig_264_-_putative_cdtb_translation,Drosophilidae,1,2
_DROSOPHILA_LIMBATA.GCA_963924055_OZ001353.1_-_cdtB1_translation,Drosophilidae,1,2
_DROSOPHILA_RECENS.nanopore_contig_2966_1_-_putative_cdtb1_translation,Drosophilidae,1,2
_DROSOPHILA_PALUSTRIS.GCA_051621885.1_JBNQSE010000068.1_-_putative_cdtb_translation,Drosophilidae,1,2
_DROSOPHILA_SUBPALUSTRIS.GCA_054883435.1_JBREYA010000008.1_-_cdtb1_translation,Drosophilidae,1,2
_DROSOPHILA_SUBQUINARIA.nanopore_contig_3931_1_-_putative_cdtb_translation,Drosophilidae,1,2
_DROSOPHILA_SUBPALUSTRIS.GCA_054883435.1_JBREYA010000008.1_-_cdtb3_translation,Drosophilidae,1*,2
XP_055906676.1_cytolethal_distending_toxin_subunit_B-like__Eupeodes_corollae_,Insect,NA,2
KAJ1521711.1_hypothetical_protein_ONE63_003353__Megalurothrips_usitatus_,Insect,NA,2
AYB48739.1_hypothetical_protein_CJJ19_03870__Candidatus_Williamhamiltonella_defendens_,Endosymbiont,NA,1
WP_016857353.1_cytolethal_distending_toxin_subunit_B_family_protein__Candidatus_Williamhamiltonella_defendens_,Endosymbiont,NA,1
CAB3775476.1_Putative_cytolethal_distending_toxin_nuclease_subunit_CdtB__Bacteriophage_APSE-2_,Endosymbiont,NA,1
WP_015874046.1_cytolethal_distending_toxin_subunit_B_family_protein__Candidatus_Williamhamiltonella_defendens_,Endosymbiont,NA,1
KAK7604652.1_hypothetical_protein_V9T40_005838__Parthenolecanium_corni_,Insect,NA,1
_LEUCOPHENGA_SP_EGD-2024J.GCA_054121915.1_JBNNEK010158316.1_-_putative_cdtb_translation,Drosophilidae,6,1
_LEUCOPHENGA_VARIA.GCA_018903435_JAEIFJ010001161.1_extraction_Copy_-_putative_cdtB_translation,Drosophilidae,6,1
WP_174888474.1_endonuclease/exonuclease/phosphatase_family_protein__Candidatus_Williamhamiltonella_defendens_,Endosymbiont,NA,1
WP_265024929.1_MULTISPECIES__endonuclease/exonuclease/phosphatase_family_protein__unclassified_Wolbachia_,Endosymbiont,NA,1
CAB3775433.1_Putative_cytolethal_distending_toxin_nuclease_subunit_CdtB__Bacteriophage_APSE-7_,Endosymbiont,NA,1
RXK33846.1_hypothetical_protein_BBD39_07330__Arsenophonus_endosymbiont_of_Bemisia_tabaci_Asia_II_3_,Endosymbiont,NA,1
WP_174889373.1_endonuclease/exonuclease/phosphatase_family_protein__Candidatus_Williamhamiltonella_defendens_,Endosymbiont,NA,1
AMD43717.1_cytolethal_distending_toxin_subunit_B__Bacteriophage_APSE_,Endosymbiont,NA,1
XCA34573.1_MAG__hypothetical_protein_ABS861_04190__Wolbachia_endosymbiont_of_Oeneis_ivallda_,Endosymbiont,NA,1
WP_456624414.1_MULTISPECIES__exonuclease/endonuclease/phosphatase_family_protein__unclassified_Bradyrhizobium_,Proteobacteria,NA,1
WP_352217447.1_RICIN_domain-containing_protein__Streptomyces_sp._NPDC097981_,Actinobacteria,NA,1
WP_450299296.1_RICIN_domain-containing_protein__Streptomyces_klenkii_,Actinobacteria,NA,1
WP_385962485.1_RICIN_domain-containing_protein__Streptomyces_syringium_,Actinobacteria,NA,1
WP_116214673.1_endonuclease/exonuclease/phosphatase_family_protein__Streptomyces_olivoreticuli_,Actinobacteria,NA,1
WP_365037478.1_RICIN_domain-containing_protein__Streptomyces_sp._NPDC089919_,Actinobacteria,NA,1
WP_359839684.1_endonuclease/exonuclease/phosphatase_family_protein__Kitasatospora_sp._NPDC005748_,Actinobacteria,NA,1
WP_478325279.1_endonuclease/exonuclease/phosphatase_family_protein__Kitasatospora_purpeofusca_,Actinobacteria,NA,1
WP_330294331.1_RICIN_domain-containing_protein__Streptomyces_sp._NBC_00503_,Actinobacteria,NA,1
WP_373918766.1_RICIN_domain-containing_protein__Streptomyces_sp._AB3_2024__,Actinobacteria,NA,1
MFD2121742.1_RICIN_domain-containing_protein__Streptomyces_cirratus_,Actinobacteria,NA,1
WP_468761357.1_RICIN_domain-containing_protein__Streptomyces_sp._NPDC032091_,Actinobacteria,NA,1
WP_389285114.1_RICIN_domain-containing_protein__Streptomyces_sp._NPDC005784_,Actinobacteria,NA,1
WP_399250848.1_RICIN_domain-containing_protein__Streptomyces_sp._NPDC051366_,Actinobacteria,NA,1
WP_401000248.1_RICIN_domain-containing_protein__Kitasatospora_sp._NPDC088346_,Actinobacteria,NA,1
WP_361636587.1_MULTISPECIES__RICIN_domain-containing_protein__unclassified_Streptomyces_,Actinobacteria,NA,1
WP_468832400.1_RICIN_domain-containing_protein__Streptomyces_sp._NPDC033221_,Actinobacteria,NA,1
WP_466388894.1_endonuclease/exonuclease/phosphatase_family_protein__Streptomyces_goshikiensis_,Actinobacteria,NA,1
WP_355452331.1_endonuclease/exonuclease/phosphatase_family_protein__Lentzea_sp._NPDC004782_,Actinobacteria,NA,1
WP_071653124.1_endonuclease/exonuclease/phosphatase_family_protein__Vibrio_parahaemolyticus_,Proteobacteria,NA,1
WP_399057321.1_endonuclease/exonuclease/phosphatase_family_protein__Streptomyces_sp._NPDC050485_,Actinobacteria,NA,1
WP_451419973.1_endonuclease/exonuclease/phosphatase_family_protein__Streptomyces_sp._NPDC002536_,Actinobacteria,NA,1
WP_361819124.1_endonuclease/exonuclease/phosphatase_family_protein__Streptomyces_sp._NPDC050844_,Actinobacteria,NA,1
WP_380442476.1_MULTISPECIES__endonuclease/exonuclease/phosphatase_family_protein__unclassified_Kitasatospora_,Actinobacteria,NA,1
WP_293227593.1_endonuclease/exonuclease/phosphatase_family_protein__Paludibacterium_sp._,Actinobacteria,NA,1
MBX2821724.1_endonuclease/exonuclease/phosphatase_family_protein__Rhodothermaceae_bacterium_,Rhodothermota,NA,1
WP_207098655.1_endonuclease/exonuclease/phosphatase_family_protein__Allomuricauda_sp._CAU_1633_,Bacteriodetes,NA,1
MFZ5817640.1_endonuclease/exonuclease/phosphatase_family_protein__Bacillota_bacterium_,Firmicutes,NA,1
WP_474300983.1_exonuclease/endonuclease/phosphatase_family_protein__Micromonospora_sp._IBHARD003_,Actinobacteria,NA,1
MGL4178732.1_endonuclease/exonuclease/phosphatase_family_protein__Dermatophilaceae_bacterium_,Actinobacteria,NA,1
WP_307983631.1_exonuclease/endonuclease/phosphatase_family_protein__uncultured_Helicobacter_sp._,Proteobacteria,NA,1
WP_285257705.1_cytolethal_distending_toxin_subunit_B_family_protein__Helicobacter_zhangjianzhongii_,Proteobacteria,NA,1
WP_474951214.1_cytolethal_distending_toxin_subunit_B_family_protein__Enterobacter_kobei_,Proteobacteria,NA,1
HFV9915907.1_cytolethal_distending_toxin_subunit_B_family_protein__Salmonella_enterica_subsp._diarizonae_serovar_61_l_v_z35_,Proteobacteria,NA,1
WP_033534345.1_cytolethal_distending_toxin_subunit_B_family_protein__Bordetella_trematum_,Proteobacteria,NA,1
WP_423235106.1_cytolethal_distending_toxin_subunit_B_family_protein__Amphibiibacter_pelophylacis_,Proteobacteria,NA,1
WP_335265176.1_cytolethal_distending_toxin_subunit_B_family_protein__Enterobacter_cloacae_,Proteobacteria,NA,1
WP_032479052.1_cytolethal_distending_toxin_subunit_B_family_protein__Vibrio_cholerae_,Proteobacteria,NA,1
WP_045718172.1_cytolethal_distending_toxin_subunit_B_family_protein__Salmonella_enterica_,Proteobacteria,NA,1
WP_059330987.1_cytolethal_distending_toxin_subunit_B_family_protein__Escherichia_coli_,Proteobacteria,NA,1
EAA0700322.1_cytolethal_distending_toxin_subunit_B_family_protein__Salmonella_enterica_subsp._enterica_serovar_Nottingham_,Proteobacteria,NA,1
WP_080675667.1_MULTISPECIES__cytolethal_distending_toxin_nuclease_subunit_CdtB__Providencia_,Proteobacteria,NA,1
HDV2175822.1_cytolethal_distending_toxin_type_III/V_nuclease_subunit_CdtB__Escherichia_coli_,Proteobacteria,NA,1
WP_059225372.1_cytolethal_distending_toxin_type_II_nuclease_subunit_CdtB__Escherichia_albertii_,Proteobacteria,NA,1
EOC6102864.1_cytolethal_distending_toxin_subunit_B_family_protein__Salmonella_enterica_,Proteobacteria,NA,1
HGB5310574.1_cytolethal_distending_toxin_subunit_B_family_protein__Salmonella_enterica_subsp._enterica_serovar_Poona_,Proteobacteria,NA,1
ECY4647021.1_cytolethal_distending_toxin_subunit_B_family_protein__Salmonella_enterica_subsp._enterica_serovar_Eastbourne_,Proteobacteria,NA,1
EAO6410082.1_cytolethal_distending_toxin_subunit_B_family_protein__Salmonella_enterica_,Proteobacteria,NA,1
WP_071991045.1_cytolethal_distending_toxin_subunit_B_family_protein__Edwardsiella_hoshinae_,Proteobacteria,NA,1
EKC2495425.1_cytolethal_distending_toxin_subunit_B_family_protein__Salmonella_enterica_,Proteobacteria,NA,1
EBP4586383.1_cytolethal_distending_toxin_subunit_B_family_protein__Salmonella_enterica_,Proteobacteria,NA,1
WP_080102909.1_cytolethal_distending_toxin_subunit_B_family_protein__Salmonella_enterica_,Proteobacteria,NA,1
ELO0596441.1_cytolethal_distending_toxin_subunit_B_family_protein__Salmonella_enterica_,Proteobacteria,NA,1
WP_079814070.1_cytolethal_distending_toxin_subunit_B_family_protein__Salmonella_enterica_,Proteobacteria,NA,1
MEG0197157.1_cytolethal_distending_toxin_subunit_B_family_protein__Acinetobacter_sp._,Proteobacteria,NA,1
WP_112054526.1_cytolethal_distending_toxin_subunit_B_family_protein__Escherichia_coli_,Proteobacteria,NA,1
WP_256487890.1_cytolethal_distending_toxin_type_I_nuclease_subunit_CdtB__Escherichia_coli_,Proteobacteria,NA,1
WP_274421035.1_MULTISPECIES__cytolethal_distending_toxin_subunit_B_family_protein__unclassified_Aliivibrio_,Proteobacteria,NA,1
WP_079774830.1_cytolethal_distending_toxin_subunit_B_family_protein__Salmonella_bongori_,Proteobacteria,NA,1
EDU9489020.1_cytolethal_distending_toxin_subunit_B_family_protein__Salmonella_enterica_subsp._enterica_,Proteobacteria,NA,1
WP_094947506.1_cytolethal_distending_toxin_subunit_B_family_protein__Salmonella_enterica_,Proteobacteria,NA,1
EAB8208130.1_cytolethal_distending_toxin_subunit_B_family_protein__Salmonella_enterica_subsp._enterica_serovar_Lattenkamp_,Proteobacteria,NA,1
WP_127174379.1_cytolethal_distending_toxin_subunit_B_family_protein__Salmonella_enterica_,Proteobacteria,NA,1
EDV9437092.1_cytolethal_distending_toxin_subunit_B_family_protein__Salmonella_enterica_subsp._enterica_,Proteobacteria,NA,1
WP_226312038.1_cytolethal_distending_toxin_S-CDT__Salmonella_enterica_,Proteobacteria,NA,1
SUG34433.1_cytolethal_distending_toxin_subunit_CdtB__Salmonella_enterica_subsp._arizonae_,Proteobacteria,NA,1
MDJ6960435.1_cytolethal_distending_toxin_subunit_B_family_protein__Salmonella_enterica_,Proteobacteria,NA,1
WP_070789212.1_cytolethal_distending_toxin_subunit_B_family_protein__Salmonella_enterica_,Proteobacteria,NA,1
EKJ9429408.1_cytolethal_distending_toxin_subunit_B_family_protein__Salmonella_enterica_,Proteobacteria,NA,1
WP_052936135.1_cytolethal_distending_toxin_S-CDT__Salmonella_enterica_,Proteobacteria,NA,1
EAW0877979.1_cytolethal_distending_toxin_subunit_B_family_protein__Salmonella_enterica_,Proteobacteria,NA,1
WP_416231217.1_cytolethal_distending_toxin_subunit_B_family_protein__Salmonella_enterica_,Proteobacteria,NA,1
WP_193830334.1_cytolethal_distending_toxin_subunit_B_family_protein__Morganella_morganii_,Proteobacteria,NA,1
ECQ8982995.1_cytolethal_distending_toxin_subunit_B_family_protein__Salmonella_enterica_subsp._enterica_,Proteobacteria,NA,1
MGL6882164.1_cytolethal_distending_toxin_subunit_B_family_protein__Salmonella_sp._NW1190_,Proteobacteria,NA,1
WP_080070169.1_cytolethal_distending_toxin_subunit_B_family_protein__Salmonella_enterica_,Proteobacteria,NA,1
WP_479627405.1_cytolethal_distending_toxin_subunit_B_family_protein__Salmonella_enterica_,Proteobacteria,NA,1
EKK3319939.1_cytolethal_distending_toxin_subunit_B_family_protein__Salmonella_enterica_,Proteobacteria,NA,1
WP_071645901.1_cytolethal_distending_toxin_subunit_B_family_protein__Salmonella_enterica_,Proteobacteria,NA,1
EGO7252728.1_cytolethal_distending_toxin_subunit_B_family_protein__Salmonella_enterica_,Proteobacteria,NA,1
WP_094299877.1_cytolethal_distending_toxin_subunit_B_family_protein__Salmonella_enterica_,Proteobacteria,NA,1
WP_261490199.1_cytolethal_distending_toxin_subunit_B_family_protein__Glaesserella_parasuis_,Proteobacteria,NA,1
NBI13086.1_cytolethal_distending_toxin_subunit_B_family_protein___Haemophilus__felis_,Proteobacteria,NA,1
MDO4698090.1_cytolethal_distending_toxin_subunit_B_family_protein__Pasteurellaceae_bacterium_,Proteobacteria,NA,1
QIM63024.1_cytolethal_distending_toxin_subunit_CdtB__Pasteurellaceae_bacterium_Orientalotternb1_,Proteobacteria,NA,1
WP_123956187.1_cytolethal_distending_toxin_subunit_B_family_protein__Frederiksenia_canicola_,Proteobacteria,NA,1
WP_454445098.1_cytolethal_distending_toxin_subunit_B_family_protein__Ursidibacter_arcticus_,Proteobacteria,NA,1
MCK3655855.1_cytolethal_distending_toxin_subunit_CdtB__Pasteurellaceae_bacterium_Macca_,Proteobacteria,NA,1
WP_078236797.1_cytolethal_distending_toxin_subunit_B_family_protein__Haemophilus_paracuniculus_,Proteobacteria,NA,1
WP_132023582.1_cytolethal_distending_toxin_subunit_B_family_protein__Bisgaardia_hudsonensis_,Proteobacteria,NA,1
WP_229510031.1_cytolethal_distending_toxin_subunit_B_family_protein__Pasteurella_canis_,Proteobacteria,NA,1
WP_005567793.1_cytolethal_distending_toxin_nuclease_subunit_Aa-CdtB__Aggregatibacter_actinomycetemcomitans_,Proteobacteria,NA,1
WP_078218785.1_cytolethal_distending_toxin_subunit_B_family_protein__Canicola_haemoglobinophilus_,Proteobacteria,NA,1
MBN6710110.1_cytolethal_distending_toxin_subunit_B_family_protein__Canicola_haemoglobinophilus_,Proteobacteria,NA,1
WP_265473595.1_cytolethal_distending_toxin_subunit_B_family_protein__Mergibacter_septicus_,Proteobacteria,NA,1
WP_119525018.1_cytolethal_distending_toxin_subunit_B_family_protein__Psittacicella_hinzii_,Proteobacteria,NA,1
WP_395896082.1_cytolethal_distending_toxin_subunit_B_family_protein__Avibacterium_sp._20-126_,Proteobacteria,NA,1
WP_415777543.1_cytolethal_distending_toxin_subunit_B_family_protein__Avibacterium_endocarditidis_,Proteobacteria,NA,1
WP_065236386.1_cytolethal_distending_toxin_subunit_B_family_protein__Gallibacterium_genomosp._3_,Proteobacteria,NA,1
WP_382370427.1_cytolethal_distending_toxin_subunit_B_family_protein__Gallibacterium_trehalosifermentans_,Proteobacteria,NA,1
WP_410680978.1_cytolethal_distending_toxin_subunit_B_family_protein__Avibacterium_paragallinarum_,Proteobacteria,NA,1
WP_002849489.1_MULTISPECIES__cytolethal_distending_toxin_subunit_B_family_protein__Campylobacter_,Proteobacteria,NA,1
WP_038453468.1_cytolethal_distending_toxin_subunit_B_family_protein__Campylobacter_fetus_,Proteobacteria,NA,1
WP_095227920.1_cytolethal_distending_toxin_subunit_B_family_protein__Helicobacter_sp._13S00401-1_,Proteobacteria,NA,1
WP_095278414.1_cytolethal_distending_toxin_subunit_B_family_protein__Helicobacter_sp._11S02629-2_,Proteobacteria,NA,1
WP_075495167.1_cytolethal_distending_toxin_subunit_B_family_protein__Campylobacter_geochelonis_,Proteobacteria,NA,1
WP_038452504.1_cytolethal_distending_toxin_subunit_B_family_protein__Campylobacter_iguaniorum_,Proteobacteria,NA,1
WP_059434257.1_cytolethal_distending_toxin_nuclease_subunit_Ch-CdtB__Campylobacter_hyointestinalis_,Proteobacteria,NA,1
WP_027326993.1_cytolethal_distending_toxin_subunit_B_family_protein__Helicobacter_pametensis_,Proteobacteria,NA,1
WP_104696791.1_MULTISPECIES__cytolethal_distending_toxin_subunit_B_family_protein__unclassified_Helicobacter_,Proteobacteria,NA,1
MDE5602646.1_cytolethal_distending_toxin_subunit_B_family_protein__Helicobacter_sp._,Proteobacteria,NA,1
WP_115568924.1_cytolethal_distending_toxin_subunit_B_family_protein__Helicobacter_brantae_,Proteobacteria,NA,1
WP_300223458.1_cytolethal_distending_toxin_subunit_B_family_protein__uncultured_Helicobacter_sp._,Proteobacteria,NA,1
WP_112064790.1_cytolethal_distending_toxin_subunit_B_family_protein__Helicobacter_sp._10-6591_,Proteobacteria,NA,1
WP_006802813.1_cytolethal_distending_toxin_subunit_B_family_protein__Helicobacter_winghamensis_,Proteobacteria,NA,1
WP_281650382.1_cytolethal_distending_toxin_subunit_B_family_protein__Helicobacter_bilis_,Proteobacteria,NA,1
WP_066389260.1_cytolethal_distending_toxin_subunit_B_family_protein__Helicobacter_himalayensis_,Proteobacteria,NA,1
WP_291031768.1_cytolethal_distending_toxin_subunit_B_family_protein__Helicobacter_sp._,Proteobacteria,NA,1
WP_034325857.1_MULTISPECIES__cytolethal_distending_toxin_subunit_B_family_protein__Helicobacter_,Proteobacteria,NA,1
WP_034372893.1_cytolethal_distending_toxin_subunit_B_family_protein__Helicobacter_sp._MIT_05-5293_,Proteobacteria,NA,1
WP_034363600.1_MULTISPECIES__cytolethal_distending_toxin_subunit_B_family_protein__Helicobacter_,Proteobacteria,NA,1
WP_104722670.1_cytolethal_distending_toxin_subunit_B_family_protein__Helicobacter_mesocricetorum_,Proteobacteria,NA,1
WP_300599463.1_cytolethal_distending_toxin_subunit_B_family_protein__Helicobacter_typhlonius_,Proteobacteria,NA,1
WP_266026653.1_cytolethal_distending_toxin_subunit_B_family_protein__Helicobacter_sp._MIT_21-1697_,Proteobacteria,NA,1
WP_104718983.1_cytolethal_distending_toxin_subunit_B_family_protein__Helicobacter_pullorum_,Proteobacteria,NA,1
WP_273175530.1_cytolethal_distending_toxin_subunit_B_family_protein__Campylobacter_avium_,Proteobacteria,NA,1
WP_172232640.1_cytolethal_distending_toxin_subunit_B_family_protein__Campylobacter_canadensis_,Proteobacteria,NA,1
WP_115578237.1_cytolethal_distending_toxin_subunit_B_family_protein__Helicobacter_anseris_,Proteobacteria,NA,1
WP_111229041.1_cytolethal_distending_toxin_subunit_B_family_protein__Helicobacter_valdiviensis_,Proteobacteria,NA,1
WP_121764627.1_cytolethal_distending_toxin_subunit_B_family_protein__Helicobacter_burdigaliensis_,Proteobacteria,NA,1
WP_134237710.1_MULTISPECIES__cytolethal_distending_toxin_subunit_B_family_protein__unclassified_Campylobacter_,Proteobacteria,NA,1
WP_306315614.1_cytolethal_distending_toxin_nuclease_subunit_Cc-CdtB__Campylobacter_coli_,Proteobacteria,NA,1
ENG9823380.1_hypothetical_protein__Campylobacter_coli_,Proteobacteria,NA,1
WP_416521180.1_cytolethal_distending_toxin_subunit_B_family_protein__Campylobacter_jejuni_,Proteobacteria,NA,1
WP_263677321.1_cytolethal_distending_toxin_subunit_B_family_protein__Campylobacter_sp._FU_520_,Proteobacteria,NA,1
WP_263727164.1_cytolethal_distending_toxin_subunit_B_family_protein__Campylobacter_sp._IFREMER_LSEM_CL2101_,Proteobacteria,NA,1
WP_147555731.1_cytolethal_distending_toxin_subunit_B_family_protein__Campylobacter_volucris_,Proteobacteria,NA,1
WP_195670995.1_cytolethal_distending_toxin_subunit_B_family_protein__Campylobacter_volucris_,Proteobacteria,NA,1
WP_070316697.1_MULTISPECIES__cytolethal_distending_toxin_subunit_B_family_protein__Campylobacter_,Proteobacteria,NA,1
WP_044599293.1_cytolethal_distending_toxin_subunit_B_family_protein__Campylobacter_peloridis_,Proteobacteria,NA,1
WP_139426093.1_cytolethal_distending_toxin_subunit_B_family_protein__Campylobacter_armoricus_,Proteobacteria,NA,1
WP_039667495.1_cytolethal_distending_toxin_subunit_B_family_protein__Campylobacter_sp._RM16704_,Proteobacteria,NA,1
WP_120760071.1_cytolethal_distending_toxin_subunit_B_family_protein__Campylobacter_sp._P255_,Proteobacteria,NA,1
WP_257912846.1_cytolethal_distending_toxin_subunit_B_family_protein__Campylobacter_lari_,Proteobacteria,NA,1
WP_421630581.1_cytolethal_distending_toxin_subunit_B_family_protein__Campylobacter_jejuni_,Proteobacteria,NA,1
WP_039629011.1_MULTISPECIES__cytolethal_distending_toxin_subunit_B_family_protein__Campylobacter_,Proteobacteria,NA,1
WP_066008236.1_cytolethal_distending_toxin_subunit_B_family_protein__Campylobacter_ornithocola_,Proteobacteria,NA,1
WP_337210646.1_cytolethal_distending_toxin_subunit_B_family_protein__Campylobacter_molothri_,Proteobacteria,NA,1
WP_137623319.1_MULTISPECIES__cytolethal_distending_toxin_subunit_B_family_protein__Campylobacter_,Proteobacteria,NA,1
WP_147500765.1_cytolethal_distending_toxin_subunit_B_family_protein__Campylobacter_insulaenigrae_,Proteobacteria,NA,1
WP_039664542.1_cytolethal_distending_toxin_subunit_B_family_protein__Campylobacter_subantarcticus_,Proteobacteria,NA,1
WP_133374264.1_cytolethal_distending_toxin_subunit_B_family_protein__Campylobacter_volucris_,Proteobacteria,NA,1
WP_257437577.1_cytolethal_distending_toxin_subunit_B_family_protein__Campylobacter_upsaliensis_,Proteobacteria,NA,1
WP_411989924.1_cytolethal_distending_toxin_subunit_B_family_protein__Campylobacter_sp._VTCC_70190_,Proteobacteria,NA,1
WP_303206662.1_cytolethal_distending_toxin_subunit_B_family_protein__Campylobacter_sp._,Proteobacteria,NA,1
WP_126222191.1_cytolethal_distending_toxin_nuclease_subunit_Cj-CdtB__Campylobacter_jejuni_,Proteobacteria,NA,1
EEP0845887.1_cytolethal_distending_toxin_subunit_B_family_protein__Campylobacter_jejuni_,Proteobacteria,NA,1
WP_100620894.1_cytolethal_distending_toxin_nuclease_subunit_Cj-CdtB__Campylobacter_jejuni_,Proteobacteria,NA,1
WP_096020162.1_cytolethal_distending_toxin_subunit_B_family_protein__Campylobacter_lanienae_,Proteobacteria,NA,1
WP_284937290.1_cytolethal_distending_toxin_subunit_B_family_protein__Campylobacter_gastrosuis_,Proteobacteria,NA,1
WP_086334140.1_cytolethal_distending_toxin_subunit_B_family_protein__Campylobacter_vicugnae_,Proteobacteria,NA,1
MBR2148347.1_cytolethal_distending_toxin_subunit_B_family_protein__Campylobacter_sp._,Proteobacteria,NA,1
WP_147498043.1_cytolethal_distending_toxin_subunit_B_family_protein__Campylobacter_hyointestinalis_,Proteobacteria,NA,1
WP_171994217.1_cytolethal_distending_toxin_subunit_B_family_protein__Campylobacter_mucosalis_,Proteobacteria,NA,1
MGP1560991.1_cytolethal_distending_toxin_subunit_B_family_protein__Helicobacteraceae_bacterium_,Proteobacteria,NA,1
MGP1485923.1_cytolethal_distending_toxin_subunit_B_family_protein__Campylobacter_sp._,Proteobacteria,NA,1
WP_430805917.1_cytolethal_distending_toxin_subunit_B_family_protein__Campylobacter_sp._9BO_,Proteobacteria,NA,1
WP_034969066.1_cytolethal_distending_toxin_subunit_B_family_protein__Campylobacter_mucosalis_,Proteobacteria,NA,1
WP_142682102.1_cytolethal_distending_toxin_subunit_B_family_protein__Campylobacter_sp._MIT_99-7217_,Proteobacteria,NA,1
WP_065842700.1_cytolethal_distending_toxin_subunit_B_family_protein__Campylobacter_fetus_,Proteobacteria,NA,1
WP_104699394.1_cytolethal_distending_toxin_subunit_B_family_protein__Helicobacter_marmotae_,Proteobacteria,NA,1
WP_137632407.1_cytolethal_distending_toxin_subunit_B_family_protein__Campylobacter_sp._MIT_12-5580_,Proteobacteria,NA,1
WP_066455293.1_MULTISPECIES__cytolethal_distending_toxin_subunit_B_family_protein__unclassified_Helicobacter_,Proteobacteria,NA,1
WP_258864286.1_MULTISPECIES__cytolethal_distending_toxin_subunit_B_family_protein__unclassified_Helicobacter_,Proteobacteria,NA,1
WP_181892083.1_cytolethal_distending_toxin_subunit_B_family_protein__Helicobacter_cinaedi_,Proteobacteria,NA,1
UGA40875.1_cytolethal_distending_toxin_subunit_B_family_protein__Chromobacterium_haemolyticum_,Proteobacteria,NA,1
WP_462586092.1_cytolethal_distending_toxin_subunit_B_family_protein__Jejuibacter_calystegiae_,Proteobacteria,NA,1
WP_446188092.1_cytolethal_distending_toxin_subunit_B_family_protein__Enterobacter_cancerogenus_,Proteobacteria,NA,1
MBL8297620.1_cytolethal_distending_toxin_subunit_B_family_protein__Rhodanobacteraceae_bacterium_,Proteobacteria,NA,1
CAG9774113.1_unnamed_protein_product__Ceutorhynchus_assimilis_,Insect,NA,3
CAG9771698.1_unnamed_protein_product__Ceutorhynchus_assimilis_,Insect,NA,3
WP_127970329.1_cytolethal_distending_toxin_subunit_B_family_protein__Hahella_sp._KA22_,Proteobacteria,NA,1
WP_342936762.1_cytolethal_distending_toxin_subunit_B_family_protein__Paraburkholderia_diazotrophica_,Proteobacteria,NA,1
WP_245841174.1_cytolethal_distending_toxin_subunit_B_family_protein__Paraburkholderia_ribeironis_,Proteobacteria,NA,1
WP_342949929.1_MULTISPECIES__cytolethal_distending_toxin_subunit_B_family_protein__Paraburkholderia_,Proteobacteria,NA,1
WP_081723669.1_cytolethal_distending_toxin_subunit_B_family_protein__Paraburkholderia_mimosarum_,Proteobacteria,NA,1
WP_179249227.1_cytolethal_distending_toxin_subunit_B_family_protein__Serratia_fonticola_,Proteobacteria,NA,1
WP_129961983.1_cytolethal_distending_toxin_subunit_B_family_protein__Paraburkholderia_sp._UYCP14C_,Proteobacteria,NA,1
WP_429113224.1_cytolethal_distending_toxin_subunit_B_family_protein__Aeromonas_veronii_,Proteobacteria,NA,1
WP_474456602.1_cytolethal_distending_toxin_subunit_B_family_protein__Chromobacterium_rhizoryzae_,Proteobacteria,NA,1
WP_170895428.1_MULTISPECIES__cytolethal_distending_toxin_subunit_B_family_protein__unclassified_Vibrio_,Proteobacteria,NA,1
WP_168641699.1_cytolethal_distending_toxin_subunit_B_family_protein__Dickeya_sp._CFBP_2040_,Proteobacteria,NA,1
KMZ13472.1_Cytolethal_distending_toxin_subunit_B__Candidatus_Burkholderia_humilis_,Proteobacteria,NA,1
WP_129964322.1_cytolethal_distending_toxin_subunit_B_family_protein__Paraburkholderia_sp._UYCP14C_,Proteobacteria,NA,1
KNH08361.1_Cytolethal_distending_toxin_subunit_B__Candidatus_Burkholderia_brachyanthoides_,Proteobacteria,NA,1
WP_126589945.1_cytolethal_distending_toxin_subunit_B_family_protein__Pseudomonas_aeruginosa_,Proteobacteria,NA,1
WP_158229118.1_cytolethal_distending_toxin_subunit_B_family_protein__Collimonas_sp._PA-H2_,Proteobacteria,NA,1
WP_051229507.1_cytolethal_distending_toxin_subunit_B_family_protein__Paludibacterium_yongneupense_,Actinobacteria,NA,1
WP_028865209.1_cytolethal_distending_toxin_subunit_B_family_protein__Psychromonas_aquimarina_,Proteobacteria,NA,1
WP_038173027.1_cytolethal_distending_toxin_subunit_B_family_protein__Vibrio_pacinii_,Proteobacteria,NA,1
WP_391087942.1_MULTISPECIES__cytolethal_distending_toxin_subunit_B_family_protein__unclassified_Vibrio_,Proteobacteria,NA,1
WP_073990310.1_cytolethal_distending_toxin_subunit_B_family_protein__Yersinia_ruckeri_,Proteobacteria,NA,1
WP_049600395.1_cytolethal_distending_toxin_subunit_B_family_protein__Yersinia_nurmii_,Proteobacteria,NA,1
WP_069009301.1_cytolethal_distending_toxin_subunit_B_family_protein__Yersinia_enterocolitica_,Proteobacteria,NA,1
WP_145521130.1_cytolethal_distending_toxin_subunit_B_family_protein__Yersinia_mollaretii_,Proteobacteria,NA,1
WP_145519486.1_cytolethal_distending_toxin_subunit_B_family_protein__Yersinia_bercovieri_,Proteobacteria,NA,1
WP_212586508.1_cytolethal_distending_toxin_subunit_B_family_protein__Yersinia_sp._Marseille-Q3913_,Proteobacteria,NA,1
WP_050139646.1_cytolethal_distending_toxin_subunit_B_family_protein__Yersinia_vastinensis_,Proteobacteria,NA,1
HHL2561977.1_cytolethal_distending_toxin_subunit_B_family_protein__Yersinia_enterocolitica_,Proteobacteria,NA,1
WP_050130953.1_MULTISPECIES__cytolethal_distending_toxin_subunit_B_family_protein__Yersinia_,Proteobacteria,NA,1
HHL2501502.1_cytolethal_distending_toxin_subunit_B_family_protein__Yersinia_enterocolitica_,Proteobacteria,NA,1
HDL6963311.1_cytolethal_distending_toxin_subunit_B_family_protein__Yersinia_enterocolitica_,Proteobacteria,NA,1
TLY46939.1_MAG__hypothetical_protein_E6K54_07755__Gammaproteobacteria_bacterium_,Proteobacteria,NA,1
RDH39918.1_MAG__cytolethal_distending_toxin_subunit_B_family_protein__Candidatus_Aquirickettsiella_gammari_,Proteobacteria,NA,1
CAB4327915.1_Putative_cytolethal_distending_toxin_nuclease_subunit_CdtB__Bacteriophage_APSE-7_,Endosymbiont,NA,1
_LEUCOPHENGA_MACULATA.nanopore_contig_3768_1_-_putative_cdtb_translation,Drosophilidae,7,1
XP_031641203.1_uncharacterized_protein_LOC116352617__Contarinia_nasturtii_,Insect,NA,3
XP_037044795.1_cytolethal_distending_toxin_subunit_B-like__Bradysia_coprophila_,Insect,NA,2
_DROSOPHILA_SIMILIS_NODE_3665_length_8752_cov_6.105_extraction_-_cdtB_translation,Drosophilidae,4,3
_DROSOPHILA_INCOMPTA_NODE_5532_length_3572_cov_2.04_-_cdtB__translation,Drosophilidae,NA,3
_DROSOPHILA_SEPTENTRIOSALTANS_translation,Drosophilidae,NA,3
_DROSOPHILA_PARAPALLIDOSA_NODE_22_length_306821_cov_extraction_-_fusion_Cdtb_translation,Drosophilidae,2,5
_DROSOPHILA_PARAPALLIDOSA_NODE_22_length_306821_cov_extraction_-_cdtB_2_translation,Drosophilidae,2,3
_DROSOPHILA_PARAPALLIDOSA_NODE_22_length_306821_cov_extraction_-_cdtb1_translation,Drosophilidae,2,3
_DROSOPHILA_RECENS.nanopore_contig_2966_1_-_putative_cdtb2_translation,Drosophilidae,1,2
_DROSOPHILA_LACERTOSA.GCA_004143845_SCDZ01000318.1_-_CdtB2_translation,Drosophilidae,1,1
_DROSOPHILA_NIGROSPARSA_NODE_Assembly2_-_cdtb_translation,Drosophilidae,NA,1
EKK8347372.1_cytolethal_distending_toxin_subunit_B_family_protein__Salmonella_enterica_,Proteobacteria,NA,1
WP_391915360.1_endonuclease/exonuclease/phosphatase_family_protein__Streptomyces_sp._NPDC001678_,Actinobacteria,NA,1