,node,label,species,PPO1,PPO1_qc,PPO2,PPO2_qc,PPO3,PPO3_qc,PPO4,PPO4_qc,ppo_pseudogene,ppo_notes,cdtb_count,cdtb_exons,cdtb_qc,cdtb_presence,cdtb_locus,notes_defensetype,mechanism,source,DOI,code,evidence_for_em
1,147,SCAPTOMYZA_REDUCTA,Scaptomyza reducta,1,intact,1,intact,0,intact,0,intact,,,7,2/2/2/2/2/2/2,intact,1,1,NA,NA,NA,NA,NA,NA
2,144,SCAPTOMYZA_PARVA,Scaptomyza parva,1,intact,1,intact,0,intact,0,intact,,,4,2/2/2/1,intact,1,1,NA,NA,NA,NA,NA,NA
3,178,DROSOPHILA_SUBOCCIDENTALIS,Drosophila suboccidentalis,1,intact,1,intact,0,intact,0,intact,,,4,2/1/2/1,intact,1,1,NA,NA,NA,NA,NA,NA
4,182,DROSOPHILA_SUBPALUSTRIS,Drosophila subpalustris,1,intact,1,intact,0,intact,0,intact,,,3,2/2/2,intact,1,1,NA,NA,NA,NA,NA,NA
5,327,DROSOPHILA_PANDORA,Drosophila pandora,1,intact,1,intact,0,intact,0,intact,,,4,3/3/5/5,intact,1,2,NA,NA,NA,NA,NA,NA
6,328,DROSOPHILA_PARAPALLIDOSA,Drosophila parapallidosa,1,intact,1,intact,0,intact,0,intact,,,3,3/3/5,intact,1,2,NA,NA,NA,NA,NA,NA
7,329,DROSOPHILA_ANOMALATA,Drosophila anomalata,1,intact,1,intact,0,intact,0,intact,,,4,3/3/5/5,intact,1,2,NA,NA,NA,NA,NA,NA
8,330,DROSOPHILA_ANANASSAE,Drosophila ananassae,1,intact,1,intact,0,intact,0,intact,,,3,3/5/5,intact,1,2,,"Encapsulation, no melanization",Markus 2015,https://doi.org/10.1159/000369618,2,0
9,82,DROSOPHILA_LACERTOSA,Drosophila lacertosa,1,intact,1,intact,0,intact,0,intact,,,2,1/1,pseud_part,1,1,NA,NA,NA,NA,NA,NA
10,149,SCAPTOMYZA_TUMIDULA,Scaptomyza tumidula,1,intact,1,intact,0,intact,0,intact,,,2,2/2,intact,1,1,NA,NA,NA,NA,NA,NA
11,173,DROSOPHILA_HISTRIO,Drosophila histrio,1,intact,1,intact,0,intact,0,intact,,,2,2/2,intact,1,1,NA,NA,NA,NA,NA,NA
12,175,DROSOPHILA_LIMBATA,Drosophila limbata,1,intact,1,intact,0,intact,0,intact,,,2,2/1,intact,1,1,NA,NA,NA,NA,NA,NA
13,176,DROSOPHILA_GUTTIFERA,Drosophila guttifera,1,intact,1,intact,0,intact,0,intact,,,2,1/2,intact,1,1,NA,NA,NA,NA,NA,NA
14,179,DROSOPHILA_RECENS,Drosophila recens,1,intact,1,intact,0,intact,0,intact,,,2,2/2,intact,1,1,NA,NA,NA,NA,NA,NA
15,189,DROSOPHILA_PUTRIDA,Drosophila putrida,1,intact,1,intact,0,intact,0,intact,,,2,2/1,intact,1,1,,Neither encapsulation nor melanization,Streams 1968,https://doi.org/10.1093/aesa/61.1.158,4,0
16,191,DROSOPHILA_NEOTESTACEA,Drosophila neotestacea,2,intact,1,intact,0,intact,0,intact,,,2,1/2,inc,1,1,NA,NA,NA,NA,NA,NA
17,192,DROSOPHILA_TESTACEA,Drosophila testacea,2,intact,1,intact,0,intact,0,intact,,,2,1/1,pseud_part,1,1,NA,NA,NA,NA,NA,NA
18,197,DROSOPHILA_PARTHENOGENETICA,Drosophila parthenogenetica,1,intact,1,intact,0,intact,0,intact,,,2,3/3,intact,1,4,NA,NA,NA,NA,NA,NA
19,331,DROSOPHILA_PALLIDOSA,Drosophila pallidosa,1,intact,1,intact,0,intact,0,intact,,,3,3/3/5,intact,1,2,study only characterized blood cells,"Encapsulation, no melanization",Markus 2015,https://doi.org/10.1159/000369619,2,0
20,332,DROSOPHILA_ATRIPEX,Drosophila atripex,1,intact,1,intact,0,intact,0,intact,,,2,3/5,intact,1,2,study only characterized blood cells,"Encapsulation, no melanization",Markus 2015,https://doi.org/10.1159/000369622,2,0
21,333,DROSOPHILA_MONIERI,Drosophila monieri,1,intact,1,intact,0,intact,0,intact,,,2,3/5,intact,1,2,NA,NA,NA,NA,NA,NA
22,334,DROSOPHILA_PSEUDOANANASSAEPSEUDOANANASSAE,Drosophila pseudoananassae pseudoananassae,1,intact,1,intact,0,intact,0,intact,,,2,3/5,intact,1,2,study only characterized blood cells,"Encapsulation, no melanization",Markus 2015,https://doi.org/10.1159/000369621,2,0
23,335,DROSOPHILA_MALERKOTLIANAMALERKOTLIANA,Drosophila malerkotliana malerkotliana,1,intact,1,intact,0,intact,0,intact,,,2,3/5,intact,1,2,study only characterized blood cells,"Encapsulation, no melanization",Markus 2015,https://doi.org/10.1159/000369621,2,0
24,336,DROSOPHILA_BIPECTINATA,Drosophila bipectinata,1,intact,1,intact,0,intact,0,intact,,,2,3/5,intact,1,2,study only characterized blood cells,"Encapsulation, no melanization",Markus 2015,https://doi.org/10.1159/000369621,2,0
25,337,DROSOPHILA_PARABIPECTINATA,Drosophila parabipectinata,1,intact,1,intact,0,intact,0,intact,,,2,3/5,intact,1,2,study only characterized blood cells,"Encapsulation, no melanization",Markus 2015,https://doi.org/10.1159/000369620,2,0
26,338,DROSOPHILA_VARIANS,Drosophila varians,1,intact,1,intact,0,intact,0,intact,,,2,3/5,intact,1,2,NA,NA,NA,NA,NA,NA
27,340,DROSOPHILA_ERCEPEAE,Drosophila ercepeae,1,intact,1,intact,0,intact,0,intact,,,2,3/5,intact,1,2,NA,NA,NA,NA,NA,NA
28,341,DROSOPHILA_MERINA,Drosophila merina,1,intact,1,intact,0,intact,0,intact,,,2,3/5,intact,1,2,NA,NA,NA,NA,NA,NA
29,404,COLOCASIOMYIA_ALOCASIAE,Colocasiomyia alocasiae,0,intact,3,pseud_part,0,intact,0,intact,,2 PPO2s are not full length,2,3/5,intact,1,10,NA,NA,NA,NA,NA,NA
30,9,LEUCOPHENGA_MACULATA,Leucophenga maculata,1,intact,2,intact,0,intact,0,intact,,,1,1,intact,1,7,NA,NA,NA,NA,NA,NA
31,11,LEUCOPHENGA_VARIA,Leucophenga varia,2,inc,2,inc,0,intact,0,intact,,likely misassembly or pseudogenization,1,1,intact,1,6,NA,NA,NA,NA,NA,NA
32,12,LEUCOPHENGA_SP_EGD2024J,Leucophenga sp. EGD-2024J,3,pseud_part,2,intact,0,intact,0,intact,PPO1,premature stop codon,1,1,intact,1,6,NA,NA,NA,NA,NA,NA
33,13,LEUCOPHENGA_SP_EGD2024K,Leucophenga sp. EGD-2024K,3,intact,2,intact,0,intact,0,intact,,,1,1,inc,1,6,NA,NA,NA,NA,NA,NA
34,18,RHINOLEUCOPHENGA_AMERICANA,Rhinoleucophenga americana,1,intact,2,intact,0,intact,0,intact,,,1,1,intact,1,9,NA,NA,NA,NA,NA,NA
35,24,DROSOPHILA_POLYCHAETA,Drosophila polychaeta,1,inc,1,inc,0,intact,0,intact,,only evidence for PPO1/2,1,2,pseud_all,1,1,NA,NA,NA,NA,NA,NA
36,25,DROSOPHILA_PICTA,Drosophila picta,1,intact,1,intact,0,intact,0,intact,,,1,1,intact,1,1,NA,NA,NA,NA,NA,NA
37,26,DROSOPHILA_GAUCHA,Drosophila gaucha,1,intact,1,intact,0,intact,0,intact,,,1,1,pseud_all,1,1,NA,NA,NA,NA,NA,NA
38,59,DROSOPHILA_INCOMPTA,Drosophila incompta,1,inc,1,intact,0,intact,0,intact,,only evidence for PPO1,1,3,intact,1,12,NA,NA,NA,NA,NA,NA
39,61,DROSOPHILA_PSEUDOTALAMANCANA,Drosophila pseudotalamancana,1,intact,1,intact,0,intact,0,intact,,,1,1,intact,1,1,NA,NA,NA,NA,NA,NA
40,79,DROSOPHILA_SORDIDULA,Drosophila sordidula,1,intact,1,intact,0,intact,0,intact,,,1,1,intact,1,1,NA,NA,NA,NA,NA,NA
41,80,DROSOPHILA_COLORATA,Drosophila colorata,1,intact,1,intact,0,intact,0,intact,,,1,1,intact,1,1,NA,NA,NA,NA,NA,NA
42,81,DROSOPHILA_MORIWAKII,Drosophila moriwakii,1,intact,1,intact,0,intact,0,intact,,,1,unknown,inc,1,1,NA,NA,NA,NA,NA,NA
43,83,DROSOPHILA_OKADAI,Drosophila okadai,1,intact,1,intact,0,intact,0,intact,,,1,unknown,inc,1,1,NA,NA,NA,NA,NA,NA
44,85,DROSOPHILA_QUADRISETATA,Drosophila quadrisetata,1,intact,1,inc,0,intact,0,intact,,only evidence for PPO2,1,unknown,inc,1,1,NA,NA,NA,NA,NA,NA
45,116,DROSOPHILA_PRIMAEVA,Drosophila primaeva,1,intact,1,intact,0,intact,0,intact,,,1,1,intact,1,1,NA,NA,NA,NA,NA,NA
46,143,SCAPTOMYZA_HSUI,Scaptomyza hsui,1,intact,1,intact,0,intact,0,intact,,,1,2,intact,1,1,NA,NA,NA,NA,NA,NA
47,145,SCAPTOMYZA_ELMOI,Scaptomyza elmoi,1,inc,1,inc,0,intact,0,intact,,only evidence for PPO1/2,1,1,Inc,1,1,NA,NA,NA,NA,NA,NA
48,146,SCAPTOMYZA_PALLIDA,Scaptomyza pallida,1,intact,1,intact,0,intact,0,intact,,,1,2,intact,1,1,NA,NA,NA,NA,NA,NA
49,148,SCAPTOMYZA_CYRTANDRAE,Scaptomyza cyrtandrae,1,intact,1,intact,0,intact,0,intact,,,1,1,intact,1,1,NA,NA,NA,NA,NA,NA
50,154,SCAPTOMYZA_FLAVA,Scaptomyza flava,1,intact,1,intact,0,intact,0,intact,,,1,2,intact,1,1,NA,NA,NA,NA,NA,NA
51,155,SCAPTOMYZA_MONTANA,Scaptomyza montana,1,intact,2,intact,0,intact,0,intact,,,1,2,intact,1,1,NA,NA,NA,NA,NA,NA
52,156,DROSOPHILA_FLAVOPINICOLA,Drosophila flavopinicola,1,intact,1,intact,0,intact,0,intact,,,1,2,intact,1,1,NA,NA,NA,NA,NA,NA
53,157,DROSOPHILA_NIGROSPARSA,Drosophila nigrosparsa,1,inc,1,inc,0,intact,0,intact,,only evidence for PPO1/2,1,1,intact,1,1,NA,NA,NA,NA,NA,NA
54,158,DROSOPHILA_MACULINOTATA,Drosophila maculinotata,1,intact,1,intact,0,intact,0,intact,,,1,2,intact,1,1,NA,NA,NA,NA,NA,NA
55,166,HIRTODROSOPHILA_ALBORALIS,Hirtodrosophila alboralis,1,intact,1,intact,0,intact,0,intact,,,1,1,intact,1,1,NA,NA,NA,NA,NA,NA
56,167,ZAPRIONUS_LINEOSUS,Zaprionus lineosus,1,intact,1,intact,0,intact,0,intact,,,1,1,intact,1,1,NA,NA,NA,NA,NA,NA
57,168,HIRTODROSOPHILA_TRIVITTATA,Hirtodrosophila trivittata,2,intact,1,intact,0,intact,0,intact,,,1,1,intact,1,1,NA,NA,NA,NA,NA,NA
58,170,DETTOPSOMYIA_NIGROVITTATA,Dettopsomyia nigrovittata,1,inc,1,inc,0,intact,0,intact,,only evidence for PPO1/2,1,3,intact,1,11,NA,NA,NA,NA,NA,NA
59,174,DROSOPHILA_RELLIMA,Drosophila rellima,1,intact,1,intact,0,intact,0,intact,,,1,1,intact,1,1,NA,NA,NA,NA,NA,NA
60,177,DROSOPHILA_QUINARIA,Drosophila quinaria,1,intact,1,intact,0,intact,0,intact,,,1,2,intact,1,1,NA,NA,NA,NA,NA,NA
61,180,DROSOPHILA_SUBQUINARIA,Drosophila subquinaria,1,intact,1,intact,0,intact,0,intact,,,1,2,intact,1,1,NA,NA,NA,NA,NA,NA
62,181,DROSOPHILA_PALUSTRIS,Drosophila palustris,1,intact,1,intact,0,intact,0,intact,,,1,2,intact,1,1,NA,NA,NA,NA,NA,NA
63,183,DROSOPHILA_KUNTZEI,Drosophila kuntzei,1,intact,1,intact,0,intact,0,intact,,,1,2,intact,1,1,NA,NA,NA,NA,NA,NA
64,184,DROSOPHILA_SP_ST01M,Drosophila sp. Sao Tome,1,intact,1,intact,0,intact,0,intact,,,1,1,intact,1,1,NA,NA,NA,NA,NA,NA
65,188,DROSOPHILA_BIZONATA,Drosophila bizonata,2,intact,1,intact,0,intact,0,intact,,,1,2,intact,1,1,NA,NA,NA,NA,NA,NA
66,190,DROSOPHILA_ORIENTACEA,Drosophila orientacea,2,intact,1,intact,0,intact,0,intact,,,1,2,intact,1,1,NA,NA,NA,NA,NA,NA
67,194,DROSOPHILA_FUNEBRIS,Drosophila funebris,1,intact,1,intact,0,intact,0,intact,,,1,1,intact,1,1,,"Encapsulation, no melanization ",Kacsoh 2012,https://etd.library.emory.edu/concern/etds/k0698840f?locale=fr,"2,4?",0
68,195,DROSOPHILA_MULTISPINA,Drosophila multispina,1,intact,1,intact,0,intact,0,intact,,,1,1,intact,1,1,NA,NA,NA,NA,NA,NA
69,198,DROSOPHILA_ACUTILABELLA,Drosophila acutilabella,1,intact,1,intact,0,intact,0,intact,,,1,3,intact,1,4,NA,NA,NA,NA,NA,NA
70,199,DROSOPHILA_ARAWAKANA,Drosophila arawakana,1,intact,1,intact,0,intact,0,intact,,,1,3,intact,1,4,NA,NA,NA,NA,NA,NA
71,200,DROSOPHILA_NIGRODUNNI,Drosophila nigrodunni,1,intact,1,intact,0,intact,0,intact,,,1,3,inc,1,4,NA,NA,NA,NA,NA,NA
72,201,DROSOPHILA_DUNNI,Drosophila dunni,1,intact,1,intact,0,intact,0,intact,,,1,3,intact,1,4,NA,NA,NA,NA,NA,NA
73,202,DROSOPHILA_SIMILIS,Drosophila similis,1,intact,1,intact,0,intact,0,intact,,,1,3,intact,1,4,NA,NA,NA,NA,NA,NA
74,225,DROSOPHILA_TRISETOSA,Drosophila trisetosa,1,intact,2,intact,0,intact,0,intact,,,1,1,pseud_all,1,1,NA,NA,NA,NA,NA,NA
75,227,ZAPRIONUS_BOGORIENSIS,Zaprionus bogoriensis,1,intact,1,intact,0,intact,0,intact,,,1,1,intact,1,1,NA,NA,NA,NA,NA,NA
76,229,ZAPRIONUS_LACHAISEI,Zaprionus lachaisei,1,intact,1,intact,0,intact,0,intact,,,1,1,intact,1,3,NA,NA,NA,NA,NA,NA
77,230,ZAPRIONUS_CAMEROUNENSIS,Zaprionus camerounensis,1,intact,1,intact,0,intact,0,intact,,,1,1,intact,1,3,NA,NA,NA,NA,NA,NA
78,231,ZAPRIONUS_NIGRANUS,Zaprionus nigranus,2,pseud_part,1,intact,0,intact,0,intact,PPO1,pseudogenization or bad assembly,1,1,intact,1,3,NA,NA,NA,NA,NA,NA
79,232,ZAPRIONUS_CAPENSIS,Zaprionus capensis,2,intact,1,intact,0,intact,0,intact,,,1,1,intact,1,3,NA,NA,NA,NA,NA,NA
80,233,ZAPRIONUS_DAVIDI,Zaprionus davidi,1,intact,1,intact,0,intact,0,intact,,,1,1,intact,1,3,NA,NA,NA,NA,NA,NA
81,234,ZAPRIONUS_TARONUS,Zaprionus taronus,2,pseud_part,1,intact,0,intact,0,intact,PPO1,premature stop codon,1,1,intact,1,3,NA,NA,NA,NA,NA,NA
82,238,ZAPRIONUS_MEGALORCHIS,Zaprionus megalorchis,1,intact,1,intact,0,intact,0,intact,,,1,1,intact,1,3,NA,NA,NA,NA,NA,NA
83,239,ZAPRIONUS_ORNATUS,Zaprionus ornatus,1,intact,1,intact,0,intact,0,intact,,,1,1,intact,1,3,NA,NA,NA,NA,NA,NA
84,240,ZAPRIONUS_GHESQUIEREI,Zaprionus ghesquierei,1,intact,1,intact,0,intact,0,intact,,,1,1,intact,1,1,NA,NA,NA,NA,NA,NA
85,249,ZYGOTHRICA_FLAVOFINIRA,Zygothrica flavofinira,1,inc,1,inc,0,intact,0,intact,,only evidence for PPO1/2,1,1,intact,1,1,NA,NA,NA,NA,NA,NA
86,314,DROSOPHILA_BIARMIPES,Drosophila biarmipes,1,intact,1,intact,1,intact,0,intact,,,1,3,intact,1,8,,"Encapsulation and melanization, neither melanization nor encapsulation",Kacsoh 2012,https://etd.library.emory.edu/concern/etds/k0698840f?locale=fr,"1,4",1
87,320,DROSOPHILA_PROLONGATA,Drosophila prolongata,1,intact,1,intact,2,intact,0,intact,,,0,NA,intact,0,0,NA,NA,NA,NA,NA,NA
88,339,DROSOPHILA_VALLISMAIA,Drosophila vallismaia,1,intact,1,intact,0,intact,0,intact,,,1,3,intact,1,2,NA,NA,NA,NA,NA,NA
89,360,DROSOPHILA_PSEUDOSALTANS,Drosophila pseudosaltans,1,intact,1,intact,0,intact,1,inc,,only evidence for PPO4,1,3,pseud_all,1,5,NA,NA,NA,NA,NA,NA
90,361,DROSOPHILA_SEPTENTRIOSALTANS,Drosophila septentriosaltans,1,inc,1,inc,0,intact,2,inc,,only evidence for PPO1/2/4,1,3,intact,1,5,NA,NA,NA,NA,NA,NA
91,362,DROSOPHILA_SALTANS,Drosophila saltans,1,intact,1,intact,0,intact,1,intact,,,1,3,pseud_all,1,5,NA,NA,NA,NA,NA,NA
92,363,DROSOPHILA_AUSTROSALTANS,Drosophila austrosaltans,1,intact,1,intact,0,intact,1,intact,,,1,3,intact,1,5,NA,NA,NA,NA,NA,NA
93,364,DROSOPHILA_PROSALTANS,Drosophila prosaltans,1,intact,1,intact,0,intact,1,intact,,,1,3,pseud_all,1,5,NA,NA,NA,NA,NA,NA
94,406,COLOCASIOMYIA_XENALOCASIAE,Colocasiomyia xenalocasiae,0,intact,2,pseud_part,0,intact,0,intact,PPO2,premature stop codon,1,2*,Inc,1,10,NA,NA,NA,NA,NA,NA
95,1,AMIOTA_MINOR,Amiota minor,1,intact,2,intact,0,intact,0,intact,,,0,NA,intact,0,0,NA,NA,NA,NA,NA,NA
96,2,AMIOTA_ALBILABRIS,Amiota albilabris,1,inc,1,inc,0,intact,0,intact,,only evidence for PPO1/2,0,NA,intact,0,0,NA,NA,NA,NA,NA,NA
97,3,AMIOTA_MARIAE,Amiota mariae,1,intact,2,intact,0,intact,0,intact,,,0,NA,intact,0,0,NA,NA,NA,NA,NA,NA
98,4,AMIOTA_COMMUNIS,Amiota communis,1,intact,3,intact,0,intact,0,intact,,,0,NA,intact,0,0,NA,NA,NA,NA,NA,NA
99,5,CACOXENUS_INDAGATOR,Cacoxenus indagator,1,intact,2,intact,0,intact,0,intact,,,0,NA,intact,0,0,NA,NA,NA,NA,NA,NA
100,6,PHORTICA_MAGNA,Phortica magna,0,intact,2,intact,0,intact,0,intact,,,0,NA,intact,0,0,NA,NA,NA,NA,NA,NA
101,7,PHORTICA_OKADAI,Phortica okadai,1,intact,2,intact,0,intact,0,intact,,,0,NA,intact,0,0,NA,NA,NA,NA,NA,NA
102,8,PHORTICA_VARIEGATA,Phortica variegata,1,intact,2,intact,0,intact,0,intact,,,0,NA,intact,0,0,NA,NA,NA,NA,NA,NA
103,10,LEUCOPHENGA_MONTANA,Leucophenga montana,1,intact,2,intact,0,intact,0,intact,,,0,NA,intact,0,0,NA,NA,NA,NA,NA,NA
104,14,STEGANA_NIGRITHORAX,Stegana nigrithorax,1,intact,2,pseud_part,0,intact,0,intact,,PPO(2) not full length,0,NA,intact,0,0,NA,NA,NA,NA,NA,NA
105,15,STEGANA_SP2_ED2023A,Stegana sp. 2,1,intact,2,intact,0,intact,0,intact,,,0,NA,intact,0,0,NA,NA,NA,NA,NA,NA
106,16,STEGANA_SP1_ED2023A,Stegana sp. 1,1,intact,2,intact,0,intact,0,intact,,,0,NA,intact,0,0,NA,NA,NA,NA,NA,NA
107,17,GITONA_DISTIGMA,Gitona distigma,1,intact,2,intact,0,intact,0,intact,,,0,NA,intact,0,0,NA,NA,NA,NA,NA,NA
108,19,RHINOLEUCOPHENGA_CF_BIVISUALIS,Rhinoleucophenga cf. bivisualis,1,intact,2,intact,0,intact,0,intact,,,0,NA,intact,0,0,NA,NA,NA,NA,NA,NA
109,20,DIATHONEURA_TESSELLATA,Diathoneura tessellata,1,intact,2,intact,0,intact,0,intact,,,0,NA,intact,0,0,NA,NA,NA,NA,NA,NA
110,21,SCAPTODROSOPHILA_LEBANONENSIS,Scaptodrosophila lebanonensis,1,intact,2,intact,0,intact,0,intact,,,0,NA,intact,0,0,NA,NA,NA,NA,NA,NA
111,22,SCAPTODROSOPHILA_INORNATA,Scaptodrosophila inornata,1,inc,2,intact,0,intact,0,intact,,last intron misassembly in PPO1,0,NA,intact,0,0,NA,NA,NA,NA,NA,NA
112,23,DICHAETOPHORA_LINDAE,Dichaetophora lindae,1,inc,1,inc,0,intact,0,intact,,only evidence for PPO1/2,0,NA,intact,0,0,NA,NA,NA,NA,NA,NA
113,27,DROSOPHILA_PEGASA,Drosophila pegasa,1,intact,1,intact,0,intact,0,intact,,,0,NA,intact,0,0,NA,NA,NA,NA,NA,NA
114,28,DROSOPHILA_HAMATOFILA,Drosophila hamatofila,1,intact,1,intact,0,intact,0,intact,,,0,NA,intact,0,0,NA,NA,NA,NA,NA,NA
115,29,DROSOPHILA_MAYAGUANA,Drosophila mayaguana,1,intact,1,intact,0,intact,0,intact,,,0,NA,intact,0,0,NA,NA,NA,NA,NA,NA
116,30,DROSOPHILA_ALDRICHI,Drosophila aldrichi,1,intact,1,intact,0,intact,0,intact,,,0,NA,intact,0,0,NA,NA,NA,NA,NA,NA
117,31,DROSOPHILA_MULLERI,Drosophila mulleri,1,intact,1,intact,0,intact,0,intact,,,0,NA,intact,0,0,NA,NA,NA,NA,NA,NA
118,32,DROSOPHILA_NAVOJOA,Drosophila navojoa,1,intact,1,intact,0,intact,0,intact,,,0,NA,intact,0,0,NA,NA,NA,NA,NA,NA
119,33,DROSOPHILA_ARIZONAE,Drosophila arizonae,1,intact,1,intact,0,intact,0,intact,,,0,NA,intact,0,0,NA,NA,NA,NA,NA,NA
120,34,DROSOPHILA_MOJAVENSIS,Drosophila mojavensis,1,intact,1,intact,0,intact,0,intact,,,0,NA,intact,0,0,,Neither encapsulation nor melanization,Kacsoh 2012,https://etd.library.emory.edu/concern/etds/k0698840f?locale=fr,4,0
121,35,DROSOPHILA_STALKERI,Drosophila stalkeri,1,intact,1,intact,0,intact,0,intact,,,0,NA,intact,0,0,NA,NA,NA,NA,NA,NA
122,36,DROSOPHILA_BUZZATII,Drosophila buzzatii,1,intact,1,intact,0,intact,0,intact,,,0,NA,intact,0,0,NA,NA,NA,NA,NA,NA
123,37,DROSOPHILA_KOEPFERAE,Drosophila koepferae,1,intact,1,intact,0,intact,0,intact,,,0,NA,intact,0,0,NA,NA,NA,NA,NA,NA
124,38,DROSOPHILA_ANTONIETAE,Drosophila antonietae,1,intact,1,intact,0,intact,0,intact,,,0,NA,intact,0,0,NA,NA,NA,NA,NA,NA
125,39,DROSOPHILA_BORBOREMA,Drosophila borborema,1,intact,1,intact,0,intact,0,intact,,,0,NA,intact,0,0,NA,NA,NA,NA,NA,NA
126,40,DROSOPHILA_SERIEMA,Drosophila seriema,1,intact,1,intact,0,intact,0,intact,,,0,NA,intact,0,0,NA,NA,NA,NA,NA,NA
127,41,DROSOPHILA_MERIDIANA,Drosophila meridiana,1,intact,1,intact,0,intact,0,intact,,,0,NA,intact,0,0,NA,NA,NA,NA,NA,NA
128,42,DROSOPHILA_MERIDIONALIS,Drosophila meridionalis,1,intact,1,intact,0,intact,0,intact,,,0,NA,intact,0,0,NA,NA,NA,NA,NA,NA
129,43,DROSOPHILA_NIGRICRURIA,Drosophila nigricruria,1,intact,1,intact,0,intact,0,intact,,,0,NA,intact,0,0,NA,NA,NA,NA,NA,NA
130,44,DROSOPHILA_FULVIMACULA,Drosophila fulvimacula,1,intact,1,intact,0,intact,0,intact,,,0,NA,intact,0,0,NA,NA,NA,NA,NA,NA
131,45,DROSOPHILA_PENINSULARIS,Drosophila peninsularis,1,intact,1,intact,0,intact,0,intact,,,0,NA,intact,0,0,NA,NA,NA,NA,NA,NA
132,46,DROSOPHILA_REPLETA,Drosophila repleta,1,intact,1,intact,0,intact,0,intact,,,0,NA,intact,0,0,NA,NA,NA,NA,NA,NA
133,47,DROSOPHILA_MERCATORUM,Drosophila mercatorum,1,intact,1,intact,0,intact,0,intact,,,0,NA,intact,0,0,NA,NA,NA,NA,NA,NA
134,48,DROSOPHILA_PARANAENSIS,Drosophila paranaensis,1,intact,1,intact,0,intact,0,intact,,,0,NA,intact,0,0,NA,NA,NA,NA,NA,NA
135,49,DROSOPHILA_LEONIS,Drosophila leonis,1,intact,1,intact,0,intact,0,intact,,,0,NA,intact,0,0,NA,NA,NA,NA,NA,NA
136,50,DROSOPHILA_ANCEPS,Drosophila anceps,1,intact,1,intact,0,intact,0,intact,,,0,NA,intact,0,0,NA,NA,NA,NA,NA,NA
137,51,DROSOPHILA_METTLERI,Drosophila mettleri,1,intact,1,intact,0,intact,0,intact,,,0,NA,intact,0,0,NA,NA,NA,NA,NA,NA
138,52,DROSOPHILA_EOHYDEI,Drosophila eohydei,1,intact,1,intact,0,intact,0,intact,,,0,NA,intact,0,0,NA,NA,NA,NA,NA,NA
139,53,DROSOPHILA_HYDEI,Drosophila hydei,1,intact,1,intact,0,intact,0,intact,,,0,NA,intact,0,0,,Neither encapsulation nor melanization,Kacsoh 2012,https://etd.library.emory.edu/concern/etds/k0698840f?locale=fr,4,0
140,54,DROSOPHILA_BROMELIAE,Drosophila bromeliae,1,inc,1,Intact,0,intact,0,intact,,only evidence for PPO1,0,NA,intact,0,0,NA,NA,NA,NA,NA,NA
141,55,DROSOPHILA_NANNOPTERA,Drosophila nannoptera,1,intact,1,intact,0,intact,0,intact,,,0,NA,intact,0,0,NA,NA,NA,NA,NA,NA
142,56,DROSOPHILA_PACHEA,Drosophila pachea,1,intact,1,intact,0,intact,0,intact,,,0,NA,intact,0,0,NA,NA,NA,NA,NA,NA
143,57,DROSOPHILA_ACANTHOPTERA,Drosophila acanthoptera,1,intact,1,Intact,0,intact,0,intact,,,0,NA,intact,0,0,NA,NA,NA,NA,NA,NA
144,58,DROSOPHILA_WASSERMANI,Drosophila wassermani,1,inc,1,intact,0,intact,0,intact,,only evidence for PPO1,0,NA,intact,0,0,NA,NA,NA,NA,NA,NA
145,60,DROSOPHILA_FLEXA,Drosophila flexa,1,intact,1,intact,0,intact,0,intact,,,0,NA,intact,0,0,NA,NA,NA,NA,NA,NA
146,62,DROSOPHILA_VIRILIS,Drosophila virilis,1,intact,1,intact,0,intact,0,intact,,,0,NA,intact,0,0,NA,Neither encapsulation nor melanization,Kacsoh 2012,https://etd.library.emory.edu/concern/etds/k0698840f?locale=fr,4,0
147,63,DROSOPHILA_LUMMEI,Drosophila lummei,1,inc,1,intact,0,intact,0,intact,,only evidence for PPO1,0,NA,intact,0,0,NA,NA,NA,NA,NA,NA
148,64,DROSOPHILA_AMERICANA,Drosophila americana,1,intact,1,intact,0,intact,0,intact,,,0,NA,intact,0,0,NA,NA,NA,NA,NA,NA
149,65,DROSOPHILA_NOVAMEXICANA,Drosophila novamexicana,1,intact,1,intact,0,intact,0,intact,,,0,NA,intact,0,0,NA,NA,NA,NA,NA,NA
150,66,DROSOPHILA_LITTORALIS,Drosophila littoralis,1,intact,1,intact,0,intact,0,intact,,,0,NA,intact,0,0,NA,NA,NA,NA,NA,NA
151,67,DROSOPHILA_KANEKOI,Drosophila kanekoi,1,intact,1,intact,0,intact,0,intact,,,0,NA,intact,0,0,NA,NA,NA,NA,NA,NA
152,68,DROSOPHILA_EZOANA,Drosophila ezoana,1,intact,1,intact,0,intact,0,intact,,,0,NA,intact,0,0,NA,NA,NA,NA,NA,NA
153,69,DROSOPHILA_LACICOLA,Drosophila lacicola,1,intact,1,intact,0,intact,0,intact,,,0,NA,intact,0,0,NA,NA,NA,NA,NA,NA
154,70,DROSOPHILA_MONTANA,Drosophila montana,1,intact,1,intact,0,intact,0,intact,,,0,NA,intact,0,0,NA,NA,NA,NA,NA,NA
155,71,DROSOPHILA_BOREALIS,Drosophila borealis,1,intact,1,intact,0,intact,0,intact,,,0,NA,intact,0,0,NA,NA,NA,NA,NA,NA
156,72,DROSOPHILA_FLAVOMONTANA,Drosophila flavomontana,1,intact,1,intact,0,intact,0,intact,,,0,NA,intact,0,0,NA,NA,NA,NA,NA,NA
157,73,DROSOPHILA_MICROMELANICA,Drosophila micromelanica,1,intact,1,intact,0,intact,0,intact,,,0,NA,intact,0,0,NA,NA,NA,NA,NA,NA
158,74,DROSOPHILA_NIGROMELANICA,Drosophila nigromelanica,1,inc,1,inc,0,intact,0,intact,,only evidence for PPO1/2,0,NA,intact,0,0,,"Melanization, no encapsulation, neither melanization nor encapsulation",Streams 1968,https://doi.org/10.1093/aesa/61.1.158,"3, 4",0
159,75,DROSOPHILA_EURONOTUS,Drosophila euronotus,1,inc,1,inc,0,intact,0,intact,,only evidence for PPO1/2; poor assembly,0,NA,intact,0,0,NA,"Melanization, no encapsulation, neither melanization nor encapsulation","Nappi & Streams 1970, Nappi 1970",https://doi.org/10.1093/AESA%2F63.1.321; https://doi.org/10.1016/0022-2011(70)90160-6,"3, 4",0
160,76,DROSOPHILA_PARAMELANICA,Drosophila paramelanica,1,intact,1,intact,0,intact,0,intact,,,0,NA,intact,0,0,,"Melanization, no encapsulation",Nappi & Streams 1970,https://doi.org/10.1093/AESA%2F63.1.321,3,0
161,77,DROSOPHILA_MELANICA,Drosophila melanica,1,intact,1,intact,0,intact,0,intact,,,0,NA,intact,0,0,NA,NA,NA,NA,NA,NA
162,78,DROSOPHILA_ROBUSTA,Drosophila robusta,1,intact,1,intact,0,intact,0,intact,,,0,NA,intact,0,0,Only L. heterotoma tested in Streams,Neither encapsulation nor melanization,"Streams 1968, Schlenke 2007",https://doi.org/10.1093/aesa/61.1.158; https://doi.org/10.1371/journal.ppat.0030158,4,0
163,84,DROSOPHILA_ENHYDROBIA,Drosophila enhydrobia,1,inc,1,intact,0,intact,0,intact,,only evidence for PPO1,0,NA,intact,0,0,NA,NA,NA,NA,NA,NA
164,86,DROSOPHILA_IMPARISETAE,Drosophila imparisetae,1,intact,1,intact,0,intact,0,intact,,,0,NA,intact,0,0,NA,NA,NA,NA,NA,NA
165,87,DROSOPHILA_ATROSCUTELLATA,Drosophila atroscutellata,1,intact,1,intact,0,intact,0,intact,,,0,NA,intact,0,0,NA,NA,NA,NA,NA,NA
166,88,DROSOPHILA_TRICHAETOSA,Drosophila trichaetosa,1,intact,1,intact,0,intact,0,intact,,,0,NA,intact,0,0,NA,NA,NA,NA,NA,NA
167,89,DROSOPHILA_PERCNOSOMA,Drosophila percnosoma,1,intact,1,intact,0,intact,0,intact,,,0,NA,intact,0,0,NA,NA,NA,NA,NA,NA
168,90,DROSOPHILA_NEUTRALIS,Drosophila neutralis,1,intact,1,intact,0,intact,0,intact,,,0,NA,intact,0,0,NA,NA,NA,NA,NA,NA
169,91,DROSOPHILA_INCOGNITA,Drosophila incognita,1,intact,2,intact,0,intact,0,intact,,,0,NA,intact,0,0,NA,NA,NA,NA,NA,NA
170,92,DROSOPHILA_CONFORMIS,Drosophila conformis,1,intact,1,intact,0,intact,0,intact,,,0,NA,intact,0,0,NA,NA,NA,NA,NA,NA
171,93,DROSOPHILA_SORDIDAPEX,Drosophila sordidapex,1,intact,1,intact,0,intact,0,intact,,,0,NA,intact,0,0,NA,NA,NA,NA,NA,NA
172,94,DROSOPHILA_SECLUSA,Drosophila seclusa,1,intact,1,intact,0,intact,0,intact,,,0,NA,intact,0,0,NA,NA,NA,NA,NA,NA
173,95,DROSOPHILA_NR_PERISSOPODA1_BK2023A,Drosophila nr. perissopoda1,1,intact,1,intact,0,intact,0,intact,,,0,NA,intact,0,0,NA,NA,NA,NA,NA,NA
174,96,DROSOPHILA_NR_PERISSOPODA5_BK2023A,Drosophila nr. perissopoda5,1,intact,1,intact,0,intact,0,intact,,,0,NA,intact,0,0,NA,NA,NA,NA,NA,NA
175,97,DROSOPHILA_NIGRITARSUS,Drosophila nigritarsus,1,intact,1,intact,0,intact,0,intact,,,0,NA,intact,0,0,NA,NA,NA,NA,NA,NA
176,98,DROSOPHILA_NR_MEDIALIS2_BK2023A,Drosophila nr. medialis2,1,intact,1,intact,0,intact,0,intact,,,0,NA,intact,0,0,NA,NA,NA,NA,NA,NA
177,99,DROSOPHILA_NR_MEDIALIS3_BK2023A,Drosophila nr. medialis3,1,intact,1,intact,0,intact,0,intact,,,0,NA,intact,0,0,NA,NA,NA,NA,NA,NA
178,100,DROSOPHILA_KOKEENSIS,Drosophila kokeensis,1,intact,1,intact,0,intact,0,intact,,,0,NA,intact,0,0,NA,NA,NA,NA,NA,NA
179,101,DROSOPHILA_NR_FUNDITA,Drosophila nr. fundita,1,intact,1,intact,0,intact,0,intact,,,0,NA,intact,0,0,NA,NA,NA,NA,NA,NA
180,102,DROSOPHILA_CRACENS,Drosophila cracens,1,intact,1,intact,0,intact,0,intact,,,0,NA,intact,0,0,NA,NA,NA,NA,NA,NA
181,103,DROSOPHILA_PARACRACENS,Drosophila paracracens,1,intact,1,intact,0,intact,0,intact,,,0,NA,intact,0,0,NA,NA,NA,NA,NA,NA
182,104,DROSOPHILA_COGNATA,Drosophila cognata,1,intact,1,intact,0,intact,0,intact,,,0,NA,intact,0,0,NA,NA,NA,NA,NA,NA
183,105,DROSOPHILA_YOONI,Drosophila yooni,1,intact,1,intact,0,intact,0,intact,,,0,NA,intact,0,0,NA,NA,NA,NA,NA,NA
184,106,DROSOPHILA_TANYTHRIX,Drosophila tanythrix,1,intact,1,intact,0,intact,0,intact,,,0,NA,intact,0,0,NA,NA,NA,NA,NA,NA
185,107,DROSOPHILA_MIMICA,Drosophila mimica,1,intact,1,intact,0,intact,0,intact,,,0,NA,intact,0,0,NA,NA,NA,NA,NA,NA
186,108,DROSOPHILA_INFUSCATA,Drosophila infuscata,1,intact,1,intact,0,intact,0,intact,,,0,NA,intact,0,0,NA,NA,NA,NA,NA,NA
187,109,DROSOPHILA_KAMBYSELLISI,Drosophila kambysellisi,1,intact,1,intact,0,intact,0,intact,,,0,NA,intact,0,0,NA,NA,NA,NA,NA,NA
188,110,DROSOPHILA_LONGIPERDA,Drosophila longiperda,1,intact,1,intact,0,intact,0,intact,,,0,NA,intact,0,0,NA,NA,NA,NA,NA,NA
189,111,DROSOPHILA_FUNGIPERDA,Drosophila fungiperda,1,intact,1,intact,0,intact,0,intact,,,0,NA,intact,0,0,NA,NA,NA,NA,NA,NA
190,112,DROSOPHILA_MELANOSOMA,Drosophila melanosoma,1,intact,1,intact,0,intact,0,intact,,,0,NA,intact,0,0,NA,NA,NA,NA,NA,NA
191,113,DROSOPHILA_DIVES,Drosophila dives,1,intact,1,intact,0,intact,0,intact,,,0,NA,intact,0,0,NA,NA,NA,NA,NA,NA
192,114,DROSOPHILA_DEMIPOLITA,Drosophila demipolita,1,intact,1,intact,0,intact,0,intact,,,0,NA,intact,0,0,NA,NA,NA,NA,NA,NA
193,115,DROSOPHILA_MULTICILIATA,Drosophila multiciliata,1,intact,1,intact,0,intact,0,intact,,,0,NA,intact,0,0,NA,NA,NA,NA,NA,NA
194,117,DROSOPHILA_SETOSIMENTUM,Drosophila setosimentum,1,intact,1,intact,0,intact,0,intact,,,0,NA,intact,0,0,NA,NA,NA,NA,NA,NA
195,118,DROSOPHILA_ENGYOCHRACEA,Drosophila engyochracea,1,intact,1,intact,0,intact,0,intact,,,0,NA,intact,0,0,NA,NA,NA,NA,NA,NA
196,119,DROSOPHILA_VILLOSIPEDIS,Drosophila villosipedis,1,intact,1,intact,0,intact,0,intact,,,0,NA,intact,0,0,NA,NA,NA,NA,NA,NA
197,120,DROSOPHILA_OCHRACEA,Drosophila ochracea,1,intact,1,intact,0,intact,0,intact,,,0,NA,intact,0,0,NA,NA,NA,NA,NA,NA
198,121,DROSOPHILA_LIMITATA,Drosophila limitata,1,inc,1,inc,0,intact,0,intact,,only evidence for PPO1/2,0,NA,intact,0,0,NA,NA,NA,NA,NA,NA
199,122,DROSOPHILA_SPROATI,Drosophila sproati,1,intact,1,intact,0,intact,0,intact,,,0,NA,intact,0,0,NA,NA,NA,NA,NA,NA
200,123,DROSOPHILA_MURPHYI,Drosophila murphyi,1,intact,1,intact,0,intact,0,intact,,,0,NA,intact,0,0,NA,NA,NA,NA,NA,NA
201,124,DROSOPHILA_HAWAIIENSIS,Drosophila hawaiiensis,1,intact,1,intact,0,intact,0,intact,,,0,NA,intact,0,0,NA,NA,NA,NA,NA,NA
202,125,DROSOPHILA_CRUCIGERA,Drosophila crucigera,1,intact,1,intact,0,intact,0,intact,,,0,NA,intact,0,0,NA,NA,NA,NA,NA,NA
203,126,DROSOPHILA_PULLIPES,Drosophila pullipes,1,intact,1,intact,0,intact,0,intact,,,0,NA,intact,0,0,NA,NA,NA,NA,NA,NA
204,127,DROSOPHILA_GRIMSHAWI,Drosophila grimshawi,1,intact,1,intact,0,intact,0,intact,,,0,NA,intact,0,0,NA,NA,NA,NA,NA,NA
205,128,DROSOPHILA_MACROTHRIX,Drosophila macrothrix,1,intact,1,intact,0,intact,0,intact,,,0,NA,intact,0,0,NA,NA,NA,NA,NA,NA
206,129,DROSOPHILA_GLABRIAPEX,Drosophila glabriapex,1,intact,1,intact,0,intact,0,intact,,,0,NA,intact,0,0,NA,NA,NA,NA,NA,NA
207,130,DROSOPHILA_PAUCIPUNCTA,Drosophila paucipuncta,1,intact,1,intact,0,intact,0,intact,,,0,NA,intact,0,0,NA,NA,NA,NA,NA,NA
208,131,DROSOPHILA_BASISETAE,Drosophila basisetae,1,intact,1,intact,0,intact,0,intact,,,0,NA,intact,0,0,NA,NA,NA,NA,NA,NA
209,132,DROSOPHILA_PROLATICILIA,Drosophila prolacticilia,1,intact,1,intact,0,intact,0,intact,,,0,NA,intact,0,0,NA,NA,NA,NA,NA,NA
210,133,DROSOPHILA_PICTICORNIS,Drosophila picticornis,1,intact,1,intact,0,intact,0,intact,,,0,NA,intact,0,0,NA,NA,NA,NA,NA,NA
211,134,DROSOPHILA_HETERONEURA,Drosophila heteroneura,1,intact,1,intact,0,intact,0,intact,,,0,NA,intact,0,0,NA,NA,NA,NA,NA,NA
212,135,DROSOPHILA_SILVESTRIS,Drosophila silvestris,1,intact,1,intact,0,intact,0,intact,,,0,NA,intact,0,0,NA,NA,NA,NA,NA,NA
213,136,DROSOPHILA_DIFFERENS,Drosophila differens,1,intact,1,intact,0,intact,0,intact,,,0,NA,intact,0,0,NA,NA,NA,NA,NA,NA
214,137,DROSOPHILA_PLANITIBIA,Drosophila planitibia,1,intact,1,intact,0,intact,0,intact,,,0,NA,intact,0,0,NA,NA,NA,NA,NA,NA
215,138,DROSOPHILA_NEOPERKINSI,Drosophila neoperkinsi,1,intact,1,intact,0,intact,0,intact,,,0,NA,intact,0,0,NA,NA,NA,NA,NA,NA
216,139,DROSOPHILA_CYRTOLOMA,Drosophila cyrtoloma,1,intact,1,intact,0,intact,0,intact,,,0,NA,intact,0,0,NA,NA,NA,NA,NA,NA
217,140,DROSOPHILA_MELANOCEPHALA,Drosophila melanocephala,1,intact,1,intact,0,intact,0,intact,,,0,NA,intact,0,0,NA,NA,NA,NA,NA,NA
218,141,DROSOPHILA_ANOMALIPES,Drosophila anomalipes,1,intact,1,intact,0,intact,0,intact,,,0,NA,intact,0,0,NA,NA,NA,NA,NA,NA
219,142,DROSOPHILA_QUASIANOMALIPES,Drosophila quasianomalipes,1,intact,1,intact,0,intact,0,intact,,,0,NA,intact,0,0,NA,NA,NA,NA,NA,NA
220,150,SCAPTOMYZA_CALIGINOSA,Scaptomyza caliginosa,1,intact,1,intact,0,intact,0,intact,,,0,NA,intact,0,0,NA,NA,NA,NA,NA,NA
221,151,SCAPTOMYZA_PALMAE,Scaptomyza palmae,1,intact,1,intact,0,intact,0,intact,,,0,NA,intact,0,0,NA,NA,NA,NA,NA,NA
222,152,SCAPTOMYZA_POLYGONIA,Scaptomyza polygonia,1,intact,1,intact,0,intact,0,intact,,,0,NA,intact,0,0,NA,NA,NA,NA,NA,NA
223,153,SCAPTOMYZA_GRAMINUM,Scaptomyza graminum,1,intact,1,intact,0,intact,0,intact,,,0,NA,intact,0,0,NA,NA,NA,NA,NA,NA
224,159,MULGRAVEA_PARASIATICA,Mulgravea parasiatica,0,intact,1,inc,0,intact,0,intact,,only evidence for PPO2,0,NA,intact,0,0,NA,NA,NA,NA,NA,NA
225,160,HIRTODROSOPHILA_NOKOGIRI,Hirtodrosophila nokogiri,1,inc,1,inc,0,intact,0,intact,,only evidence for PPO1/2,0,NA,intact,0,0,NA,NA,NA,NA,NA,NA
226,161,HIRTODROSOPHILA_CAMERARIA,Hirtodrosophila cameraria,1,intact,1,intact,0,intact,0,intact,,,0,NA,intact,0,0,NA,NA,NA,NA,NA,NA
227,162,HIRTODROSOPHILA_CONFUSA,Hirtodrosophila confusa,1,intact,1,intact,0,intact,0,intact,,,0,NA,intact,0,0,NA,NA,NA,NA,NA,NA
228,163,HIRTODROSOPHILA_HISTRIOIDES,Hirtodrosophila histrioides,1,intact,1,intact,0,intact,0,intact,,,0,NA,intact,0,0,NA,NA,NA,NA,NA,NA
229,164,MYCODROSOPHILA_POECILOGASTRA,Mycodrosophila poecilogastra,1,inc,1,inc,0,intact,0,intact,,only evidence for PPO1/2,0,NA,intact,0,0,NA,NA,NA,NA,NA,NA
230,165,HIRTODROSOPHILA_CAPUTUDIS,Hirtodrosophila caputudis,1,inc,1,intact,0,intact,0,intact,,only evidence for PPO1,0,NA,intact,0,0,NA,NA,NA,NA,NA,NA
231,169,ZYGOTHRICA_QUINTAMACULATA,Zygothrica quintamaculata,2,pseud_part,1,intact,0,intact,0,intact,potential PPO1,loss of first copper-binding region (HHWHWH),0,NA,intact,0,0,NA,NA,NA,NA,NA,NA
232,171,DROSOPHILA_REPLETOIDES,Drosophila repletoides,1,intact,1,intact,0,intact,0,intact,,,0,NA,intact,0,0,NA,NA,NA,NA,NA,NA
233,172,DROSOPHILA_QUADRILINEATA,Drosophila quadrilineata,1,intact,1,intact,0,intact,0,intact,,,0,NA,intact,0,0,NA,NA,NA,NA,NA,NA
234,185,DROSOPHILA_PHALERATA,Drosophila phalerata,1,intact,1,intact,0,intact,0,intact,,,0,NA,intact,0,0,NA,NA,NA,NA,NA,NA
235,186,DROSOPHILA_FALLENI,Drosophila falleni,1,intact,1,intact,0,intact,0,intact,,,0,NA,intact,0,0,NA,NA,NA,NA,NA,NA
236,187,DROSOPHILA_INNUBILA,Drosophila innubila,1,intact,1,intact,0,intact,0,intact,,,0,NA,intact,0,0,NA,NA,NA,NA,NA,NA
237,193,DROSOPHILA_MACROSPINA,Drosophila macrospina,1,intact,1,intact,0,intact,0,intact,,,0,NA,intact,0,0,NA,NA,NA,NA,NA,NA
238,196,DROSOPHILA_CARDINI,Drosophila cardini,1,intact,1,intact,0,intact,0,intact,,,0,NA,intact,0,0,NA,NA,NA,NA,NA,NA
239,203,DROSOPHILA_ORNATIFRONS,Drosophila ornatifrons,1,inc,1,intact,0,intact,0,intact,,only evidence for PPO1,0,NA,intact,0,0,NA,NA,NA,NA,NA,NA
240,204,DROSOPHILA_SUBBADIA,Drosophila subbadia,1,inc,1,inc,0,intact,0,intact,,only evidence for PPO1/2,0,NA,intact,0,0,NA,NA,NA,NA,NA,NA
241,205,DROSOPHILA_PALLIDIPENNIS,Drosophila pallidipennis,1,intact,1,intact,0,intact,0,intact,,,0,NA,intact,0,0,NA,NA,NA,NA,NA,NA
242,206,DROSOPHILA_TRIPUNCTATA,Drosophila tripunctata,1,intact,1,intact,0,intact,0,intact,,,0,NA,intact,0,0,NA,NA,NA,NA,NA,NA
243,207,DROSOPHILA_PRUINOSA,Drosophila pruinosa,1,intact,1,intact,0,intact,0,intact,,,0,NA,intact,0,0,NA,NA,NA,NA,NA,NA
244,208,DROSOPHILA_NEOHYPOCAUSTA,Drosophila neohypocausta,1,intact,1,intact,0,intact,0,intact,,,0,NA,intact,0,0,NA,NA,NA,NA,NA,NA
245,209,DROSOPHILA_NIVEIFRONS,Drosophila niveifrons,1,intact,1,intact,0,intact,0,intact,,,0,NA,intact,0,0,NA,NA,NA,NA,NA,NA
246,210,DROSOPHILA_KEPULAUANA,Drosophila kepulauana,1,intact,1,intact,0,intact,0,intact,,,0,NA,intact,0,0,NA,NA,NA,NA,NA,NA
247,211,DROSOPHILA_ALBOMICANS,Drosophila albomicans,1,intact,1,intact,0,intact,0,intact,,,0,NA,intact,0,0,NA,NA,NA,NA,NA,NA
248,212,DROSOPHILA_NASUTA,Drosophila nasuta,1,intact,1,intact,0,intact,0,intact,,,0,NA,intact,0,0,NA,NA,NA,NA,NA,NA
249,213,DROSOPHILA_NEONASUTA,Drosophila neonasuta,1,intact,1,intact,0,intact,0,intact,,,0,NA,intact,0,0,NA,NA,NA,NA,NA,NA
250,214,DROSOPHILA_KOHKOA,Drosophila kohkoa,1,intact,1,intact,0,intact,0,intact,,,0,NA,intact,0,0,NA,NA,NA,NA,NA,NA
251,215,DROSOPHILA_PALLIDIFRONS,Drosophila pallidifrons,1,intact,1,intact,0,intact,0,intact,,,0,NA,intact,0,0,NA,NA,NA,NA,NA,NA
252,216,DROSOPHILA_PULAUA,Drosophila pulaua,1,inc,1,inc,0,intact,0,intact,,only evidence for PPO1/2,0,NA,intact,0,0,NA,NA,NA,NA,NA,NA
253,217,DROSOPHILA_SULFURIGASTERSULFURIGASTER,Drosophila sulfurigaster sulfurigaster,1,intact,1,intact,0,intact,0,intact,,,0,NA,intact,0,0,NA,NA,NA,NA,NA,NA
254,218,DROSOPHILA_IMMIGRANS,Drosophila immigrans,1,intact,1,intact,0,intact,0,intact,,,0,NA,intact,0,0,,Neither encapsulation nor melanization,"Streams 1968, Schlenke 2007, Kacsoh 2012",https://doi.org/10.1093/aesa/61.1.158; https://doi.org/10.1371/journal.ppat.0030158; https://etd.library.emory.edu/concern/etds/k0698840f?locale=fr,4,0
255,219,DROSOPHILA_FORMOSANA,Drosophila formosana,1,intact,1,intact,0,intact,0,intact,,,0,NA,intact,0,0,NA,NA,NA,NA,NA,NA
256,220,DROSOPHILA_USTULATA,Drosophila ustulata,1,intact,1,intact,0,intact,0,intact,,,0,NA,intact,0,0,NA,NA,NA,NA,NA,NA
257,221,DROSOPHILA_RUBIDA,Drosophila rubida,1,intact,1,intact,0,intact,0,intact,,,0,NA,intact,0,0,NA,NA,NA,NA,NA,NA
258,222,DROSOPHILA_SIAMANA,Drosophila siamana,1,intact,1,intact,0,intact,0,intact,,,0,NA,intact,0,0,NA,NA,NA,NA,NA,NA
259,223,DROSOPHILA_HYPOCAUSTA,Drosophila hypocausta,1,intact,1,intact,0,intact,0,intact,,,0,NA,intact,0,0,NA,NA,NA,NA,NA,NA
260,224,DROSOPHILA_STERNOPLEURALIS,Drosophila sternopleuralis,1,intact,2,inc,0,intact,0,intact,,only evidence for PPO2,0,NA,intact,0,0,NA,NA,NA,NA,NA,NA
261,226,ZAPRIONUS_OBSCURICORNIS,Zaprionus obscuricornis,1,inc,1,intact,0,intact,0,intact,,only evidence for PPO1,0,NA,intact,0,0,NA,NA,NA,NA,NA,NA
262,228,ZAPRIONUS_VITTIGER,Zaprionus vittiger,1,intact,1,intact,0,intact,0,intact,,,0,NA,intact,0,0,"No evidence for melanization, other mechanisms not looked into",Neither encapsulation nor melanization,Schlenke 2007,https://doi.org/10.1371/journal.ppat.0030158,4?,0
263,235,ZAPRIONUS_AFRICANUS,Zaprionus africanus,1,intact,1,intact,0,intact,0,intact,,,0,NA,intact,0,0,NA,NA,NA,NA,NA,NA
264,236,ZAPRIONUS_GABONICUS,Zaprionus gabonicus,1,intact,1,intact,0,intact,0,intact,,,0,NA,intact,0,0,NA,NA,NA,NA,NA,NA
265,237,ZAPRIONUS_INDIANUS,Zaprionus indianus,1,intact,1,intact,0,intact,0,intact,,,0,NA,intact,0,0,,Encapsulation and melanization,"Kacsoh 2012, Kacsoh 2014",https://etd.library.emory.edu/concern/etds/k0698840f?locale=fr; https://doi.org/10.1017/S0031182013001431,"1,2,4",1
266,241,ZAPRIONUS_INERMIS,Zaprionus inermis,1,intact,1,intact,0,intact,0,intact,,,0,NA,intact,0,0,NA,NA,NA,NA,NA,NA
267,242,ZAPRIONUS_KOLODKINAE,Zaprionus kolodkinae,1,intact,1,intact,0,intact,0,intact,,,0,NA,intact,0,0,NA,NA,NA,NA,NA,NA
268,243,ZAPRIONUS_TUBERCULATUS,Zaprionus tuberculatus,1,intact,1,intact,0,intact,0,intact,,,0,NA,intact,0,0,NA,NA,NA,NA,NA,NA
269,244,ZAPRIONUS_SEPSOIDES,Zaprionus sepsoides,1,intact,1,intact,0,intact,0,intact,,,0,NA,intact,0,0,NA,NA,NA,NA,NA,NA
270,245,ZAPRIONUS_TSACASI,Zaprionus tsacasi,1,intact,1,intact,0,intact,0,intact,,,0,NA,intact,0,0,NA,NA,NA,NA,NA,NA
271,246,SPHAEROGASTRELLA_JAVANA,Sphaerogastrella javana,1,intact,1,intact,0,intact,0,intact,,,0,NA,intact,0,0,NA,NA,NA,NA,NA,NA
272,247,HYPSELOTHYREA_GUTTATA,Hypselothyrea guttata,1,intact,1,intact,0,intact,0,intact,,,0,NA,intact,0,0,NA,NA,NA,NA,NA,NA
273,248,LIODROSOPHILA_AEREA,Liodrosophila aerea,1,intact,1,intact,0,intact,0,intact,,,0,NA,intact,0,0,NA,NA,NA,NA,NA,NA
274,250,PHORTICELLA_FLAVIPENNIS,Phorticella flavipennis,1,inc,1,intact,0,intact,0,intact,,only evidence for PPO1,0,NA,intact,0,0,NA,NA,NA,NA,NA,NA
275,251,DROSOPHILA_BUSCKII,Drosophila busckii,1,intact,1,intact,0,intact,0,intact,,,0,NA,intact,0,0,,Encapsulation and melanization,Streams 1968,https://doi.org/10.1093/aesa/61.1.158,1,1
276,252,MICRODROSOPHILA_CRISTATA,Microdrosophila cristata,1,inc,1,inc,0,intact,0,intact,,only evidence for PPO1/2,0,NA,intact,0,0,NA,NA,NA,NA,NA,NA
277,253,DROSOPHILA_BAIMAII,Drosophila baimaii,1,intact,1,intact,0,intact,0,intact,,,0,NA,intact,0,0,NA,NA,NA,NA,NA,NA
278,254,DROSOPHILA_OROSA,Drosophila orosa,1,intact,1,intact,0,intact,0,intact,,,0,NA,intact,0,0,NA,NA,NA,NA,NA,NA
279,255,DROSOPHILA_JAMBULINA,Drosophila jambulina,1,intact,1,intact,0,intact,0,intact,,,0,NA,intact,0,0,NA,NA,NA,NA,NA,NA
280,256,DROSOPHILA_GREENI,Drosophila greeni,1,intact,1,inc,0,intact,0,intact,,only evidence for PPO2,0,NA,intact,0,0,NA,NA,NA,NA,NA,NA
281,257,DROSOPHILA_VULCANA,Drosophila vulcana,1,intact,1,intact,0,intact,0,intact,,,0,NA,intact,0,0,NA,NA,NA,NA,NA,NA
282,258,DROSOPHILA_NIKANANU,Drosophila nikananu,1,intact,1,intact,0,intact,0,intact,,,0,NA,intact,0,0,NA,NA,NA,NA,NA,NA
283,259,DROSOPHILA_DIPLACANTHA,Drosophila diplacantha,1,intact,1,intact,0,intact,0,intact,,,0,NA,intact,0,0,NA,NA,NA,NA,NA,NA
284,260,DROSOPHILA_AFFCHAUVACAE_BK2020,Drosophila aff. chauvacae BK-2020,1,intact,1,intact,0,intact,0,intact,,,0,NA,intact,0,0,NA,NA,NA,NA,NA,NA
285,261,DROSOPHILA_BURLAI,Drosophila burlai,1,intact,1,intact,0,intact,0,intact,,,0,NA,intact,0,0,NA,NA,NA,NA,NA,NA
286,262,DROSOPHILA_CFCHAUVACAE,Drosophila cf. chauvacae,1,intact,1,intact,0,intact,0,intact,,,0,NA,intact,0,0,NA,NA,NA,NA,NA,NA
287,263,DROSOPHILA_BOCQUETI,Drosophila bocqueti,1,intact,1,intact,0,intact,0,intact,,,0,NA,intact,0,0,NA,NA,NA,NA,NA,NA
288,264,DROSOPHILA_CFBOCQUETI,Drosophila cf. bocqueti,1,inc,1,intact,0,intact,0,intact,,only evidence for PPO1,0,NA,intact,0,0,NA,NA,NA,NA,NA,NA
289,265,DROSOPHILA_BAKOUE,Drosophila bakoue,1,intact,1,intact,0,intact,0,intact,,,0,NA,intact,0,0,NA,NA,NA,NA,NA,NA
290,266,DROSOPHILA_AFFTSACASI,Drosophila aff. tsacasi,1,inc,2,intact,0,intact,0,intact,,only evidence for PPO1,0,NA,intact,0,0,NA,NA,NA,NA,NA,NA
291,267,DROSOPHILA_TSACASI,Drosophila tsacasi,1,intact,1,intact,0,intact,0,intact,,,0,NA,intact,0,0,,Neither encapsulation nor melanization,Kacsoh 2012,https://etd.library.emory.edu/concern/etds/k0698840f?locale=fr,4,0
292,268,DROSOPHILA_MALAGASSYA,Drosophila malagassya,1,intact,1,intact,0,intact,0,intact,,,0,NA,intact,0,0,NA,NA,NA,NA,NA,NA
293,269,DROSOPHILA_SEGUYI,Drosophila seguyi,1,intact,1,intact,0,intact,0,intact,,,0,NA,intact,0,0,NA,NA,NA,NA,NA,NA
294,270,DROSOPHILA_BIRCHII,Drosophila birchii,1,intact,1,intact,0,intact,0,intact,,,0,NA,intact,0,0,NA,NA,NA,NA,NA,NA
295,271,DROSOPHILA_MAYRI,Drosophila mayri,1,intact,1,intact,0,intact,0,intact,,,0,NA,intact,0,0,NA,NA,NA,NA,NA,NA
296,272,DROSOPHILA_ANOMELANI,Drosophila anomelani,1,intact,1,intact,0,intact,0,intact,,,0,NA,intact,0,0,NA,NA,NA,NA,NA,NA
297,273,DROSOPHILA_BARBARAE,Drosophila barbarae,1,intact,1,intact,0,intact,0,intact,,,0,NA,intact,0,0,NA,NA,NA,NA,NA,NA
298,274,DROSOPHILA_TRUNCATA,Drosophila truncata,1,intact,1,intact,0,intact,0,intact,,,0,NA,intact,0,0,NA,NA,NA,NA,NA,NA
299,275,DROSOPHILA_AFF_BICORNUTA,Drosophila aff. bicornuta,1,intact,1,intact,0,intact,0,intact,,,0,NA,intact,0,0,NA,NA,NA,NA,NA,NA
300,276,DROSOPHILA_BICORNUTA,Drosophila bicornuta,1,intact,1,intact,0,intact,0,intact,,,0,NA,intact,0,0,NA,NA,NA,NA,NA,NA
301,277,DROSOPHILA_BUNNANDA,Drosophila bunnanda,1,intact,1,intact,0,intact,0,intact,,,0,NA,intact,0,0,NA,NA,NA,NA,NA,NA
302,278,DROSOPHILA_SERRATA,Drosophila serrata,1,intact,1,intact,0,intact,0,intact,,,0,NA,intact,0,0,NA,NA,NA,NA,NA,NA
303,279,DROSOPHILA_PUNJABIENSIS,Drosophila punjabiensis,1,intact,1,intact,0,intact,0,intact,,,0,NA,intact,0,0,NA,NA,NA,NA,NA,NA
304,280,DROSOPHILA_WATANABEI,Drosophila watanabei,1,intact,1,intact,0,intact,0,intact,,,0,NA,intact,0,0,NA,NA,NA,NA,NA,NA
305,281,DROSOPHILA_OGUMAI,Drosophila ogumai,1,intact,1,intact,0,intact,0,intact,,,0,NA,intact,0,0,NA,NA,NA,NA,NA,NA
306,282,DROSOPHILA_LINI,Drosophila lini,1,intact,1,intact,0,intact,0,intact,,,0,NA,intact,0,0,NA,NA,NA,NA,NA,NA
307,283,DROSOPHILA_OHNISHII,Drosophila ohnishii,1,inc,1,intact,0,intact,0,intact,,only evidence for PPO1,0,NA,intact,0,0,NA,NA,NA,NA,NA,NA
308,284,DROSOPHILA_KIKKAWAI,Drosophila kikkawai,1,intact,1,intact,0,intact,0,intact,,,0,NA,intact,0,0,NA,Neither encapsulation nor melanization,Kacsoh 2012,https://etd.library.emory.edu/concern/etds/k0698840f?locale=fr,4,0
309,285,DROSOPHILA_BOCKI,Drosophila bocki,1,intact,1,intact,0,intact,0,intact,,,0,NA,intact,0,0,NA,NA,NA,NA,NA,NA
310,286,DROSOPHILA_LEONTIA,Drosophila leontia,1,intact,1,intact,0,intact,0,intact,,,0,NA,intact,0,0,NA,NA,NA,NA,NA,NA
311,287,DROSOPHILA_KANAPIAE,Drosophila kanapiae,1,intact,1,intact,0,intact,0,intact,,,0,NA,intact,0,0,NA,NA,NA,NA,NA,NA
312,288,DROSOPHILA_PARVULA,Drosophila parvula,1,intact,1,intact,0,intact,0,intact,,,0,NA,intact,0,0,NA,NA,NA,NA,NA,NA
313,289,DROSOPHILA_TANI,Drosophila tani,1,intact,1,intact,0,intact,0,intact,,,0,NA,intact,0,0,NA,NA,NA,NA,NA,NA
314,290,DROSOPHILA_RUFA,Drosophila rufa,1,intact,1,intact,0,intact,0,intact,,,0,NA,intact,0,0,NA,NA,NA,NA,NA,NA
315,291,DROSOPHILA_ASAHINAI,Drosophila asahinai,1,intact,1,intact,0,intact,0,intact,,,0,NA,intact,0,0,NA,NA,NA,NA,NA,NA
316,292,DROSOPHILA_LACTEICORNIS,Drosophila lacteicornis,1,intact,1,intact,0,intact,0,intact,,,0,NA,intact,0,0,NA,NA,NA,NA,NA,NA
317,293,DROSOPHILA_AURARIA,Drosophila auraria,1,intact,1,intact,0,intact,0,intact,,,0,NA,intact,0,0,NA,NA,NA,NA,NA,NA
318,294,DROSOPHILA_TRIAURARIA,Drosophila triauraria,1,intact,1,intact,0,intact,0,intact,,,0,NA,intact,0,0,NA,NA,NA,NA,NA,NA
319,295,DROSOPHILA_PECTINIFERA,Drosophila pectinifera,1,intact,1,intact,0,intact,0,intact,,,0,NA,intact,0,0,NA,NA,NA,NA,NA,NA
320,296,DROSOPHILA_TRAPEZIFRONS,Drosophila trapezifrons,1,intact,1,intact,0,intact,0,intact,,,0,NA,intact,0,0,NA,NA,NA,NA,NA,NA
321,297,DROSOPHILA_FENGKAINENSIS,Drosophila fengkainensis,1,intact,1,inc,0,intact,0,intact,,only evidence for PPO2,0,NA,intact,0,0,NA,NA,NA,NA,NA,NA
322,298,DROSOPHILA_OSHIMAI,Drosophila oshimai,1,intact,1,intact,0,intact,0,intact,,,0,NA,intact,0,0,NA,NA,NA,NA,NA,NA
323,299,DROSOPHILA_EUGRACILIS,Drosophila eugracilis,1,intact,1,intact,3,intact,0,intact,,,0,NA,intact,0,0,,Encapsulation and melanization,Kacsoh 2012,https://etd.library.emory.edu/concern/etds/k0698840f?locale=fr,1,1
324,300,DROSOPHILA_ERECTA,Drosophila erecta,1,intact,1,intact,1,intact,0,intact,,,0,NA,intact,0,0,,Encapsulation and melanization,Kacsoh 2012,https://etd.library.emory.edu/concern/etds/k0698840f?locale=fr,1,1
325,301,DROSOPHILA_ORENA,Drosophila orena,1,intact,1,intact,1,intact,0,intact,,,0,NA,intact,0,0,,Encapsulation and melanization,Carton & Kitano 1981,https://doi.org/10.1111/j.1095-8312.1981.tb01849.x,1,1
326,302,DROSOPHILA_TEISSIERI,Drosophila teissieri,1,intact,1,intact,2,intact,0,intact,,,0,NA,intact,0,0,NA,Encapsulation and melanization,Carton & Kitano 1981,https://doi.org/10.1111/j.1095-8312.1981.tb01849.x,1,1
327,303,DROSOPHILA_SANTOMEA,Drosophila santomea,1,intact,1,intact,1,intact,0,intact,,,0,NA,intact,0,0,,Encapsulation and melanization,Lynch 2016,https://doi.org/10.1111/jeb.12842,1,1
328,304,DROSOPHILA_YAKUBA,Drosophila yakuba,1,intact,1,intact,2,intact,0,intact,,,0,NA,intact,0,0,,Encapsulation and melanization,Kacsoh 2012,https://etd.library.emory.edu/concern/etds/k0698840f?locale=fr,1,1
329,305,DROSOPHILA_MELANOGASTER,Drosophila melanogaster,1,intact,1,intact,1,intact,0,intact,,,0,NA,intact,0,0,,Encapsulation and melanization,,,1,1
330,306,DROSOPHILA_MAURITIANA,Drosophila mauritiana,1,intact,1,intact,1,intact,0,intact,,,0,NA,intact,0,0,NA,Encapsulation and melanization,Kacsoh 2012,https://etd.library.emory.edu/concern/etds/k0698840f?locale=fr,1,1
331,307,DROSOPHILA_SECHELLIA,Drosophila sechellia,1,intact,1,intact,1,pseud_part,0,intact,PPO3,known pseudogenization; potential polymorphism,0,NA,intact,0,0,,Neither encapsulation nor melanization,Kacsoh 2012,https://etd.library.emory.edu/concern/etds/k0698840f?locale=fr,4,0
332,308,DROSOPHILA_SIMULANS,Drosophila simulans,1,intact,1,intact,1,intact,0,intact,,,0,NA,intact,0,0,,Encapsulation and melanization,Kacsoh 2012,https://etd.library.emory.edu/concern/etds/k0698840f?locale=fr,1,1
333,309,DROSOPHILA_MIMETICA,Drosophila mimetica,1,intact,1,intact,1,intact,0,intact,,,0,NA,intact,0,0,NA,NA,NA,NA,NA,NA
334,310,DROSOPHILA_TAKAHASHII,Drosophila takahashii,1,intact,1,intact,3,pseud_part,0,intact,PPO3,premature stop codon,0,NA,intact,0,0,NA,NA,NA,NA,NA,NA
335,311,DROSOPHILA_LUTESCENS,Drosophila lutescens,1,intact,1,intact,1,intact,0,intact,,,0,NA,intact,0,0,,"Encapsulation and melanization, neither melanization nor encapsulation",Kacsoh 2012,https://etd.library.emory.edu/concern/etds/k0698840f?locale=fr,"1,4",1
336,312,DROSOPHILA_PSEUDOTAKAHASHII,Drosophila pseudotakahashii,1,intact,1,intact,2,intact,0,intact,,,0,NA,intact,0,0,NA,NA,NA,NA,NA,NA
337,313,DROSOPHILA_PROSTIPENNIS,Drosophila prostipennis,1,intact,1,intact,2,intact,0,intact,,,0,NA,intact,0,0,NA,NA,NA,NA,NA,NA
338,315,DROSOPHILA_SUBPULCHRELLA,Drosophila subpulchrella,1,intact,1,intact,1,intact,0,intact,,,0,NA,intact,0,0,NA,NA,NA,NA,NA,NA
339,316,DROSOPHILA_SUZUKII,Drosophila suzukii,1,intact,1,intact,1,intact,0,intact,,,0,NA,intact,0,0,NA,"Encapsulation and melanization; encapsulation, no melanization; neither encapsulation nor melanization",Iacovone 2018,https://doi.org/10.1371/journal.pone.0201573,"1,2,4",1
340,317,DROSOPHILA_FICUSPHILA,Drosophila ficusphila,1,intact,1,intact,0,intact,0,intact,,,0,NA,intact,0,0,,"Encapsulation, no melanization",Kacsoh 2012,https://etd.library.emory.edu/concern/etds/k0698840f?locale=fr,2,0
341,318,DROSOPHILA_FUYAMAI,Drosophila fuyamai,1,intact,1,intact,2,pseud_part,0,intact,PPO3,heavily fragmented CDS,0,NA,intact,0,0,NA,NA,NA,NA,NA,NA
342,319,DROSOPHILA_KURSEONGENSIS,Drosophila kurseongensis,1,intact,1,intact,2,intact,0,intact,,,0,NA,intact,0,0,NA,NA,NA,NA,NA,NA
343,321,DROSOPHILA_CARROLLI,Drosophila carrolli,1,intact,1,intact,1,intact,0,intact,,,0,NA,intact,0,0,NA,NA,NA,NA,NA,NA
344,322,DROSOPHILA_RHOPALOA,Drosophila rhopaloa,1,intact,1,intact,2,intact,0,intact,,,0,NA,intact,0,0,NA,NA,NA,NA,NA,NA
345,323,DROSOPHILA_ELEGANS,Drosophila elegans,1,intact,1,intact,1,intact,0,intact,,,0,NA,intact,0,0,,Encapsulation and melanization,Kacsoh 2012,https://etd.library.emory.edu/concern/etds/k0698840f?locale=fr,"1,3",1
346,324,DROSOPHILA_GUNUNGCOLA,Drosophila gunungcola,1,intact,1,intact,1,intact,0,intact,,,0,NA,intact,0,0,NA,NA,NA,NA,NA,NA
347,325,DROSOPHILA_SETIFEMUR,Drosophila setifemur,1,intact,1,intact,0,intact,0,intact,,,0,NA,intact,0,0,NA,NA,NA,NA,NA,NA
348,326,DROSOPHILA_IRONENSIS,Drosophila ironensis,1,intact,1,intact,0,intact,0,intact,,,0,NA,intact,0,0,NA,NA,NA,NA,NA,NA
349,342,DROSOPHILA_HELVETICA,Drosophila helvetica,1,intact,1,intact,0,intact,0,intact,,,0,NA,intact,0,0,NA,NA,NA,NA,NA,NA
350,343,DROSOPHILA_AZTECA,Drosophila azteca,1,intact,1,intact,0,intact,0,intact,,,0,NA,intact,0,0,,Neither encapsulation nor melanization,Havard 2009,https://doi.org/10.1139/Z09-047,4,0
351,344,DROSOPHILA_AFFINIS,Drosophila affinis,1,intact,1,intact,0,intact,0,intact,,,0,NA,intact,0,0,,Encapsulation and melanization,Kacsoh 2012,https://etd.library.emory.edu/concern/etds/k0698840f?locale=fr,"1,4?",1
352,345,DROSOPHILA_ALGONQUIN,Drosophila algonquin,1,intact,2,intact,0,intact,0,intact,,,0,NA,intact,0,0,,Encapsulation and melanization,"Streams 1968, Nappi 1975",https://doi.org/10.1093/aesa/61.1.158; https://doi.org/10.1017/s0031182000049659,1,1
353,346,DROSOPHILA_ATHABASCA,Drosophila athabasca,1,intact,1,intact,0,intact,0,intact,,,0,NA,intact,0,0,poor data,"Melanization, no encapsulation, neither melanization nor encapsulation",Streams 1968,https://doi.org/10.1093/aesa/61.1.158,"3, 4",0
354,347,DROSOPHILA_LOWEI,Drosophila lowei,1,intact,1,intact,0,intact,0,intact,,,0,NA,intact,0,0,NA,NA,NA,NA,NA,NA
355,348,DROSOPHILA_MIRANDA,Drosophila miranda,1,intact,1,intact,0,intact,0,intact,,,0,NA,intact,0,0,,Neither encapsulation nor melanization,Havard 2009,https://doi.org/10.1139/Z09-049,4,0
356,349,DROSOPHILA_PERSIMILIS,Drosophila persimilis,1,intact,1,intact,0,intact,0,intact,,,0,NA,intact,0,0,,Neither encapsulation nor melanization,Havard 2009,https://doi.org/10.1139/Z09-050,4,0
357,350,DROSOPHILA_PSEUDOOBSCURA,Drosophila pseudoobscura,1,intact,1,intact,0,intact,0,intact,,,0,NA,intact,0,0,,Neither encapsulation nor melanization,Schlenke 2007; Kacsoh 2012,https://doi.org/10.1371/journal.ppat.0030158; https://etd.library.emory.edu/concern/etds/k0698840f?locale=fr,4,0
358,351,DROSOPHILA_SUBSILVESTRIS,Drosophila subsilvestris,1,intact,1,intact,0,intact,0,intact,,,0,NA,intact,0,0,NA,NA,NA,NA,NA,NA
359,352,DROSOPHILA_OBSCURA,Drosophila obscura,1,intact,1,intact,0,intact,0,intact,,,0,NA,intact,0,0,,Encapsulation and melanization,Havard 2009,https://doi.org/10.1139/Z09-046,1,1
360,353,DROSOPHILA_AMBIGUA,Drosophila ambigua,1,intact,1,intact,0,intact,0,intact,,,0,NA,intact,0,0,NA,NA,NA,NA,NA,NA
361,354,DROSOPHILA_TRISTIS,Drosophila tristis,1,intact,1,intact,0,intact,0,intact,,,0,NA,intact,0,0,NA,NA,NA,NA,NA,NA
362,355,DROSOPHILA_BIFASCIATA,Drosophila bifasciata,1,intact,1,intact,0,intact,0,intact,,,0,NA,intact,0,0,,Neither encapsulation nor melanization,Havard 2009,https://doi.org/10.1139/Z09-051,4,0
363,356,DROSOPHILA_IMAII,Drosophila imaii,1,intact,1,intact,0,intact,0,intact,,,0,NA,intact,0,0,NA,NA,NA,NA,NA,NA
364,357,DROSOPHILA_GUANCHE,Drosophila guanche,1,intact,1,intact,0,intact,0,intact,,,0,NA,intact,0,0,,Neither encapsulation nor melanization,Havard 2009,https://doi.org/10.1139/Z09-048,4,0
365,358,DROSOPHILA_MADEIRENSIS,Drosophila madeirensis,1,intact,1,intact,0,intact,0,intact,,,0,NA,intact,0,0,NA,NA,NA,NA,NA,NA
366,359,DROSOPHILA_SUBOBSCURA,Drosophila subobscura,1,intact,1,intact,0,intact,0,intact,,,0,NA,intact,0,0,,"Encapsulation, no melanization and Neither encapsulation nor melanization",Kacsoh 2012,https://etd.library.emory.edu/concern/etds/k0698840f?locale=fr,"2,4",0
367,365,DROSOPHILA_NEOCORDATA,Drosophila neocordata,1,intact,1,intact,0,intact,0,intact,,,0,NA,intact,0,0,NA,NA,NA,NA,NA,NA
368,366,DROSOPHILA_NEOSALTANS,Drosophila neosaltans,1,inc,1,inc,0,intact,1,intact,,only evidence for PPO1/2,0,NA,intact,0,0,NA,NA,NA,NA,NA,NA
369,367,DROSOPHILA_EMARGINATA,Drosophila emarginata,1,intact,1,intact,0,intact,2,pseud_part,PPO4,not full-length / fragmented CDS,0,NA,intact,0,0,NA,NA,NA,NA,NA,NA
370,368,DROSOPHILA_NEOELLIPTICA,Drosophila neoelliptica,1,inc,1,intact,0,intact,1,inc,,only evidence for PPO1/4,0,NA,intact,0,0,NA,NA,NA,NA,NA,NA
371,369,DROSOPHILA_LEHRMANAE,Drosophila lehrmanae,1,intact,1,inc,0,intact,1,inc,,only evidence for PPO2/4,0,NA,intact,0,0,NA,NA,NA,NA,NA,NA
372,370,DROSOPHILA_STURTEVANTI,Drosophila sturtevanti,1,intact,1,intact,0,intact,1,intact,,,0,NA,intact,0,0,NA,NA,NA,NA,NA,NA
373,371,DROSOPHILA_DACUNHAI,Drosophila dacunhai,1,intact,1,intact,0,intact,1,intact,,,0,NA,intact,0,0,NA,NA,NA,NA,NA,NA
374,372,DROSOPHILA_MILLERI,Drosophila milleri,1,intact,1,intact,0,intact,1,intact,,,0,NA,intact,0,0,NA,NA,NA,NA,NA,NA
375,373,DROSOPHILA_NIGROSALTANS,Drosophila nigrosaltans,1,intact,1,intact,0,intact,1,inc,,only evidence for PPO4,0,NA,inc,0,0,NA,NA,NA,NA,NA,NA
376,374,DROSOPHILA_PARASALTANS,Drosophila parasaltans,1,intact,1,intact,0,intact,1,inc,,only evidence for PPO4,0,NA,intact,0,0,NA,NA,NA,NA,NA,NA
377,375,DROSOPHILA_NEBULOSA,Drosophila nebulosa,1,intact,1,intact,0,intact,0,intact,,,0,NA,intact,0,0,NA,NA,NA,NA,NA,NA
378,376,DROSOPHILA_INSULARIS,Drosophila insularis,1,intact,1,intact,0,intact,0,intact,,,0,NA,intact,0,0,NA,NA,NA,NA,NA,NA
379,377,DROSOPHILA_TROPICALIS,Drosophila tropicalis,1,intact,1,intact,0,intact,0,intact,,,0,NA,intact,0,0,NA,NA,NA,NA,NA,NA
380,378,DROSOPHILA_WILLISTONI,Drosophila willistoni,1,intact,1,intact,0,intact,0,intact,,,0,NA,intact,0,0,,Neither encapsulation nor melanization,Kacsoh 2012,https://etd.library.emory.edu/concern/etds/k0698840f?locale=fr,4,0
381,379,DROSOPHILA_EQUINOXIALIS,Drosophila equinoxialis,1,intact,1,intact,0,intact,0,intact,,,0,NA,intact,0,0,NA,NA,NA,NA,NA,NA
382,380,DROSOPHILA_PAULISTORUM,Drosophila paulistorum,1,intact,1,intact,0,intact,0,intact,,,0,NA,intact,0,0,NA,NA,NA,NA,NA,NA
383,381,DROSOPHILA_SP_14030076101,Drosophila sp. 14030-0761.01,1,intact,1,intact,0,intact,1,intact,,,0,NA,intact,0,0,NA,NA,NA,NA,NA,NA
384,382,DROSOPHILA_SUCINEA,Drosophila sucinea,1,intact,1,intact,0,intact,1,intact,,,0,NA,intact,0,0,NA,NA,NA,NA,NA,NA
385,383,LORDIPHOSA_MOMMAI,Lordiphosa mommai,1,intact,2,intact,0,intact,0,intact,,,0,NA,intact,0,0,NA,NA,NA,NA,NA,NA
386,384,LORDIPHOSA_MAGNIPECTINATA,Lordiphosa magnipectinata,1,intact,1,intact,0,intact,0,intact,,,0,NA,intact,0,0,NA,NA,NA,NA,NA,NA
387,385,LORDIPHOSA_CLAROFINIS,Lordiphosa clarofinis,1,intact,1,intact,0,intact,0,intact,,,0,NA,intact,0,0,NA,NA,NA,NA,NA,NA
388,386,LORDIPHOSA_STACKELBERGI,Lordiphosa stackelbergi,1,intact,0,intact,0,intact,0,intact,,,0,NA,intact,0,0,NA,NA,NA,NA,NA,NA
389,387,LORDIPHOSA_COLLINELLA,Lordiphosa collinella,1,intact,2,intact,0,intact,0,intact,,,0,NA,intact,0,0,NA,NA,NA,NA,NA,NA
390,388,LORDIPHOSA_ANDALUSIACA,Lordiphosa andalusiaca,1,intact,1,intact,0,intact,0,intact,,,0,NA,intact,0,0,NA,NA,NA,NA,NA,NA
391,389,LORDIPHOSA_FENESTRARUM,Lordiphosa fenestrarum,1,intact,1,intact,0,intact,0,intact,,,0,NA,intact,0,0,NA,NA,NA,NA,NA,NA
392,390,COLLESSIA_KIRISHIMANA,Collessia kirishimana,1,inc,1,inc,0,intact,0,intact,,only evidence for PPO1/2,0,NA,intact,0,0,NA,NA,NA,NA,NA,NA
393,391,HIRTODROSOPHILA_DUNCANI,Hirtodrosophila duncani,1,inc,1,intact,0,intact,0,intact,,PPO1-like gene likely a misassembly,0,NA,intact,0,0,NA,NA,NA,NA,NA,NA
394,392,IMPATIOPHILA_UNICOLORATA,Impatiophila unicolorata,0,intact,0,intact,0,intact,0,intact,,no PPOs found; not included in database,0,NA,intact,0,0,NA,NA,NA,NA,NA,NA
395,393,IMPATIOPHILA_FORCIPIVALVA,Impatiophila forcipivalva,0,intact,0,intact,0,intact,0,intact,,no PPOs found; not included in database,0,NA,intact,0,0,NA,NA,NA,NA,NA,NA
396,394,IMPATIOPHILA_XIAOI,Impatiophila xiaoi,0,intact,0,intact,0,intact,0,intact,,no PPOs found; not included in database,0,NA,intact,0,0,NA,NA,NA,NA,NA,NA
397,395,LISSOCEPHALA_SABROSKYI,Lissocephala sabroskyi,1,intact,2,pseud_part,0,intact,0,intact,potential PPO2,premature stop codon 57 bp before normal full length,0,NA,intact,0,0,NA,NA,NA,NA,NA,NA
398,396,SCAPTODROSOPHILA_LATIFASCIAEFORMIS,Scaptodrosophila latifasciaeformis,1,intact,2,intact,0,intact,0,intact,,,0,NA,intact,0,0,NA,NA,NA,NA,NA,NA
399,397,SCAPTODROSOPHILA_SCAPTOMYZOIDEA,Scaptodrosophila scaptomyzoidea,1,inc,1,inc,0,intact,0,intact,,only evidence for PPO1/2,0,NA,intact,0,0,NA,NA,NA,NA,NA,NA
400,398,NEOTANYGASTRELLA_SP_EGD2024E,Neotanygastrella sp.,1,intact,2,intact,0,intact,0,intact,,,0,NA,intact,0,0,NA,NA,NA,NA,NA,NA
401,399,CHYMOMYZA_CAUDATULA,Chymomyza caudatula,1,intact,2,intact,0,intact,0,intact,,,0,NA,intact,0,0,NA,NA,NA,NA,NA,NA
402,400,CHYMOMYZA_PROCNEMIS,Chymomyza procnemis,1,intact,3,intact,0,intact,0,intact,,,0,NA,intact,0,0,NA,NA,NA,NA,NA,NA
403,401,CHYMOMYZA_AMOENA,Chymomyza amoena,1,intact,3,intact,0,intact,0,intact,,,0,NA,intact,0,0,NA,NA,NA,NA,NA,NA
404,402,CHYMOMYZA_FUSCIMANA,Chymomyza fuscimana,1,intact,3,intact,0,intact,0,intact,,,0,NA,intact,0,0,NA,NA,NA,NA,NA,NA
405,403,CHYMOMYZA_COSTATA,Chymomyza costata,1,intact,3,intact,0,intact,0,intact,,,0,NA,intact,0,0,NA,NA,NA,NA,NA,NA
406,405,COLOCASIOMYIA_KOTANA,Colocasiomyia kotana,0,intact,1,inc,0,intact,0,intact,,only evidence for PPO2,0,NA,intact,0,0,NA,NA,NA,NA,NA,NA
407,407,DIASTATA_USSURICA,Diastata ussurica,1,inc,2,intact,0,intact,0,intact,,only evidence for PPO1,0,NA,intact,0,0,NA,NA,NA,NA,NA,NA
408,408,CIRRULA_HIANS,Ephydra hians,0,intact,2,inc,0,intact,0,intact,,poor assemblies & only evidence for PPO2,0,NA,intact,0,0,NA,NA,NA,NA,NA,NA
409,409,EPHYDRA_GRACILIS,Ephydra gracilis,1,inc,3,inc,0,intact,0,intact,,poor assemblies & only evidence for PPO1/2,0,NA,intact,0,0,NA,NA,NA,NA,NA,NA
410,410,LIRIOMYZA_TRIFOLII,Liriomyza trifolii,1,intact,2,intact,0,intact,0,intact,,,0,NA,intact,0,0,NA,NA,NA,NA,NA,NA
413,NA,NA,Drosophila tolteca,NA,NA,NA,NA,NA,NA,NA,NA,NA,NA,NA,NA,NA,NA,NA,Not included in species phylogeny,Neither encapsulation nor melanization,Havard 2009; Eslin 2006,https://doi.org/10.1139/Z09-052; https://doi.org/10.1016/j.dci.2006.02.007,4,0
414,NA,NA,Drosophila paralutea,NA,NA,NA,NA,NA,NA,NA,NA,NA,NA,NA,NA,NA,NA,NA,Not included in species phylogeny,Neither encapsulation nor melanization,Schlenke 2007,https://doi.org/10.1371/journal.ppat.0030158,4?,0